GO.cluster	IC	GO.ID	term	definition	Oral_elim.genes_frequency	Oral_elim.pvalue	Oral_elim.-log10_pvalue	Oral_elim.Significant_genes	Oral_elim.Significant_genes_symbol
"1"	4.54	"GO:0030001"	"metal ion transport"	"The directed movement of metal ions, any metal ion with an electric charge, into, out of or within a cell, or between cells, by means of some agent such as a transporter or pore."	"11.549% (41/355)"	0.001751028	2.76	"Pocillopora_acuta_HIv2___RNAseq.10010_t;Pocillopora_acuta_HIv2___RNAseq.g1200.t1;Pocillopora_acuta_HIv2___RNAseq.g1217.t1;Pocillopora_acuta_HIv2___RNAseq.g12898.t1;Pocillopora_acuta_HIv2___RNAseq.g13552.t1;Pocillopora_acuta_HIv2___RNAseq.g14817.t1;Pocillopora_acuta_HIv2___RNAseq.g14871.t1;Pocillopora_acuta_HIv2___RNAseq.g15097.t1;Pocillopora_acuta_HIv2___RNAseq.g16474.t1;Pocillopora_acuta_HIv2___RNAseq.g17559.t1;Pocillopora_acuta_HIv2___RNAseq.g17622.t1;Pocillopora_acuta_HIv2___RNAseq.g18121.t1;Pocillopora_acuta_HIv2___RNAseq.g18123.t1;Pocillopora_acuta_HIv2___RNAseq.g1838.t1;Pocillopora_acuta_HIv2___RNAseq.g18966.t1;Pocillopora_acuta_HIv2___RNAseq.g19392.t1;Pocillopora_acuta_HIv2___RNAseq.g24029.t1;Pocillopora_acuta_HIv2___RNAseq.g24761.t1;Pocillopora_acuta_HIv2___RNAseq.g26118.t1;Pocillopora_acuta_HIv2___RNAseq.g26672.t1;Pocillopora_acuta_HIv2___RNAseq.g2813.t4;Pocillopora_acuta_HIv2___RNAseq.g28251.t1;Pocillopora_acuta_HIv2___RNAseq.g28270.t1;Pocillopora_acuta_HIv2___RNAseq.g28816.t1;Pocillopora_acuta_HIv2___RNAseq.g29275.t1;Pocillopora_acuta_HIv2___RNAseq.g30992.t1;Pocillopora_acuta_HIv2___RNAseq.g30994.t1a;Pocillopora_acuta_HIv2___RNAseq.g4469.t1;Pocillopora_acuta_HIv2___RNAseq.g4879.t1;Pocillopora_acuta_HIv2___RNAseq.g4919.t1;Pocillopora_acuta_HIv2___RNAseq.g5755.t1;Pocillopora_acuta_HIv2___RNAseq.g701.t1;Pocillopora_acuta_HIv2___RNAseq.g8093.t1;Pocillopora_acuta_HIv2___RNAseq.g9466.t1;Pocillopora_acuta_HIv2___TS.g14315.t1b;Pocillopora_acuta_HIv2___TS.g14552.t1;Pocillopora_acuta_HIv2___TS.g15134.t1;Pocillopora_acuta_HIv2___TS.g16482.t1;Pocillopora_acuta_HIv2___TS.g16484.t1;Pocillopora_acuta_HIv2___TS.g21128.t1;Pocillopora_acuta_HIv2___TS.g28111.t1"	"Transient receptor potential cation channel subfamily A member 1 (Ankyrin-like with transmembrane domains protein 1) (Transformation-sensitive protein p120) (p120) (Wasabi receptor);Sodium- and chloride-dependent GABA transporter 2 (GAT-2) (Sodium- and chloride-dependent GABA transporter 3) (GAT-3) (Solute carrier family 6 member 13);Adenosine receptor A2a;Sodium/potassium/calcium exchanger 4 (Na(+)/K(+)/Ca(2+)-exchange protein 4) (Solute carrier family 24 member 4);Voltage-gated potassium channel KCNC1 (NGK2) (Potassium voltage-gated channel subfamily C member 1) (Voltage-gated potassium channel subunit Kv3.1) (Voltage-gated potassium channel subunit Kv4);Kelch-like protein 3;Extracellular calcium-sensing receptor (CaSR) (Parathyroid cell calcium-sensing receptor) (PCaR1) (RaKCaR);Potassium voltage-gated channel subfamily A member 10 (Voltage-gated potassium channel subunit Kv1.8);Solute carrier family 12 member 2 (Bumetanide-sensitive sodium-(potassium)-chloride cotransporter 2) (BSC2) (Na-K-2Cl cotransporter 1) (NKCC1) (Na-K-CL symporter);TWiK family of potassium channels protein 7;Methylosome subunit pICln (Chloride channel, nucleotide sensitive 1A) (Chloride conductance regulatory protein ICln) (I(Cln));Sodium/calcium exchanger NCL2 (Na(+)/Ca(2+)-exchange protein NCL2) (OsEFCAX2) (Protein NCX-like 2) (OsNCL2);Melanotransferrin (Membrane-bound transferrin-like protein p97) (MTf) (CD antigen CD228);m-AAA protease-interacting protein 1, mitochondrial (Matrix AAA peptidase-interacting protein 1);Potassium voltage-gated channel subfamily A member 2 (RAK) (RBK2) (RCK5) (Voltage-gated potassium channel subunit Kv1.2);1-phosphatidylinositol 4,5-bisphosphate phosphodiesterase eta-2 (EC 3.1.4.11) (Phosphoinositide phospholipase C-eta-2) (Phosphoinositide phospholipase C-like 4) (PLC-L4) (Phospholipase C-like protein 4) (Phospholipase C-eta-2) (PLC-eta2);Amiloride-sensitive sodium channel subunit alpha (Alpha-NaCH) (Epithelial Na(+) channel subunit alpha) (Alpha-ENaC) (Nonvoltage-gated sodium channel 1 subunit alpha) (SCNEA);Annexin A6 (Annexin VI) (Annexin-6);Voltage-dependent calcium channel type A subunit alpha-1 (Cacophony protein);Neuronal acetylcholine receptor subunit alpha-7;EF-hand calcium-binding domain-containing protein 4B (Calcium release-activated channel regulator 2A) (Ras-related protein Rab-46);Sodium- and chloride-dependent GABA transporter 1 (GAT-1) (Solute carrier family 6 member 1);Bcl-2 homologous antagonist/killer (Apoptosis regulator BAK);Proton-coupled zinc antiporter SLC30A8 (Solute carrier family 30 member 8) (Zinc transporter 8) (ZnT-8);Potassium voltage-gated channel subfamily A member 2 (KC22) (Voltage-gated potassium channel subunit Kv1.2);Solute carrier family 23 member 1 (Na(+)/L-ascorbic acid transporter 1) (Sodium-dependent vitamin C transporter 1) (Yolk sac permease-like molecule 3);Solute carrier family 23 member 2 (Na(+)/L-ascorbic acid transporter 2) (Sodium-dependent vitamin C transporter 2);Endosomal/lysosomal proton channel TMEM175 (Potassium channel TMEM175) (Transmembrane protein 175);Serotransferrin;Ankyrin-2 (ANK-2) (Ankyrin-B) (Brain ankyrin) (Non-erythroid ankyrin);Short transient receptor potential channel 5 (TrpC5) (Capacitative calcium entry channel 2) (CCE2) (Transient receptor protein 5) (TRP-5) (mTRP5) (Trp-related protein 5);Polycystin-2 (Polycystic kidney disease 2 protein homolog);Chromodomain-helicase-DNA-binding protein 7 (CHD-7) (EC 3.6.4.12) (ATP-dependent helicase CHD7);Transient receptor potential cation channel subfamily A member 1 (Ankyrin-like with transmembrane domains protein 1) (Wasabi receptor);Solute carrier family 12 member 8;Cadherin-23 (Otocadherin);Mechanosensory protein 2;Sodium- and chloride-dependent GABA transporter 2 (GAT-2) (Sodium- and chloride-dependent GABA transporter 3) (GAT-3) (Solute carrier family 6 member 13);Sodium- and chloride-dependent GABA transporter 2 (GAT-2) (Sodium- and chloride-dependent GABA transporter 3) (GAT-3) (Solute carrier family 6 member 13);Sodium channel protein type 4 subunit alpha B (Voltage-gated sodium channel subunit alpha Nav1.4b);F-box only protein 11"
"1"	7.6	"GO:1902476"	"chloride transmembrane transport"	NA	"28.125% (9/32)"	0.0003119828	3.51	"Pocillopora_acuta_HIv2___RNAseq.g14871.t1;Pocillopora_acuta_HIv2___RNAseq.g17622.t1;Pocillopora_acuta_HIv2___RNAseq.g19042.t1;Pocillopora_acuta_HIv2___RNAseq.g19043.t1;Pocillopora_acuta_HIv2___RNAseq.g21572.t1a;Pocillopora_acuta_HIv2___RNAseq.g22644.t1;Pocillopora_acuta_HIv2___RNAseq.g27413.t1;Pocillopora_acuta_HIv2___RNAseq.g28251.t1;Pocillopora_acuta_HIv2___RNAseq.g28741.t1"	"Extracellular calcium-sensing receptor (CaSR) (Parathyroid cell calcium-sensing receptor) (PCaR1) (RaKCaR);Methylosome subunit pICln (Chloride channel, nucleotide sensitive 1A) (Chloride conductance regulatory protein ICln) (I(Cln));Anoctamin-7 (Dresden transmembrane protein of the prostate) (D-TMPP) (IPCA-5) (New gene expressed in prostate) (Prostate cancer-associated protein 5) (Transmembrane protein 16G);Anoctamin-7 (New gene expressed in prostate homolog) (Transmembrane protein 16G);Gamma-aminobutyric acid receptor subunit beta-3 (GABA(A) receptor subunit beta-3) (GABAAR subunit beta-3);Excitatory amino acid transporter 3 (Excitatory amino-acid carrier 1) (Sodium-dependent glutamate/aspartate transporter 3) (Solute carrier family 1 member 1);Gamma-aminobutyric acid receptor subunit beta-3 (GABA(A) receptor subunit beta-3) (GABAAR subunit beta-3);Sodium- and chloride-dependent GABA transporter 1 (GAT-1) (Solute carrier family 6 member 1);Glycine receptor subunit alpha-1 (Glycine receptor 48 kDa subunit) (Glycine receptor strychnine-binding subunit)"
"1"	4.93	"GO:0098662"	"inorganic cation transmembrane transport"	"A process in which an inorganic cation is transported from one side of a membrane to the other by means of some agent such as a transporter or pore."	"11.579% (33/285)"	0.00455752	2.34	"Pocillopora_acuta_HIv2___RNAseq.10010_t;Pocillopora_acuta_HIv2___RNAseq.18284_t;Pocillopora_acuta_HIv2___RNAseq.g1200.t1;Pocillopora_acuta_HIv2___RNAseq.g12898.t1;Pocillopora_acuta_HIv2___RNAseq.g13552.t1;Pocillopora_acuta_HIv2___RNAseq.g15097.t1;Pocillopora_acuta_HIv2___RNAseq.g16474.t1;Pocillopora_acuta_HIv2___RNAseq.g17559.t1;Pocillopora_acuta_HIv2___RNAseq.g17622.t1;Pocillopora_acuta_HIv2___RNAseq.g18121.t1;Pocillopora_acuta_HIv2___RNAseq.g1838.t1;Pocillopora_acuta_HIv2___RNAseq.g18966.t1;Pocillopora_acuta_HIv2___RNAseq.g19392.t1;Pocillopora_acuta_HIv2___RNAseq.g2273.t1;Pocillopora_acuta_HIv2___RNAseq.g24029.t1;Pocillopora_acuta_HIv2___RNAseq.g24761.t1;Pocillopora_acuta_HIv2___RNAseq.g26118.t1;Pocillopora_acuta_HIv2___RNAseq.g2813.t4;Pocillopora_acuta_HIv2___RNAseq.g28251.t1;Pocillopora_acuta_HIv2___RNAseq.g28270.t1;Pocillopora_acuta_HIv2___RNAseq.g28816.t1;Pocillopora_acuta_HIv2___RNAseq.g29275.t1;Pocillopora_acuta_HIv2___RNAseq.g29670.t2;Pocillopora_acuta_HIv2___RNAseq.g4469.t1;Pocillopora_acuta_HIv2___RNAseq.g4919.t1;Pocillopora_acuta_HIv2___RNAseq.g5755.t1;Pocillopora_acuta_HIv2___RNAseq.g701.t1;Pocillopora_acuta_HIv2___RNAseq.g8093.t1;Pocillopora_acuta_HIv2___RNAseq.g9466.t1;Pocillopora_acuta_HIv2___TS.g16482.t1;Pocillopora_acuta_HIv2___TS.g16484.t1;Pocillopora_acuta_HIv2___TS.g21128.t1;Pocillopora_acuta_HIv2___TS.g28111.t1"	"Transient receptor potential cation channel subfamily A member 1 (Ankyrin-like with transmembrane domains protein 1) (Transformation-sensitive protein p120) (p120) (Wasabi receptor);Putative ammonium transporter 3;Sodium- and chloride-dependent GABA transporter 2 (GAT-2) (Sodium- and chloride-dependent GABA transporter 3) (GAT-3) (Solute carrier family 6 member 13);Sodium/potassium/calcium exchanger 4 (Na(+)/K(+)/Ca(2+)-exchange protein 4) (Solute carrier family 24 member 4);Voltage-gated potassium channel KCNC1 (NGK2) (Potassium voltage-gated channel subfamily C member 1) (Voltage-gated potassium channel subunit Kv3.1) (Voltage-gated potassium channel subunit Kv4);Potassium voltage-gated channel subfamily A member 10 (Voltage-gated potassium channel subunit Kv1.8);Solute carrier family 12 member 2 (Bumetanide-sensitive sodium-(potassium)-chloride cotransporter 2) (BSC2) (Na-K-2Cl cotransporter 1) (NKCC1) (Na-K-CL symporter);TWiK family of potassium channels protein 7;Methylosome subunit pICln (Chloride channel, nucleotide sensitive 1A) (Chloride conductance regulatory protein ICln) (I(Cln));Sodium/calcium exchanger NCL2 (Na(+)/Ca(2+)-exchange protein NCL2) (OsEFCAX2) (Protein NCX-like 2) (OsNCL2);m-AAA protease-interacting protein 1, mitochondrial (Matrix AAA peptidase-interacting protein 1);Potassium voltage-gated channel subfamily A member 2 (RAK) (RBK2) (RCK5) (Voltage-gated potassium channel subunit Kv1.2);1-phosphatidylinositol 4,5-bisphosphate phosphodiesterase eta-2 (EC 3.1.4.11) (Phosphoinositide phospholipase C-eta-2) (Phosphoinositide phospholipase C-like 4) (PLC-L4) (Phospholipase C-like protein 4) (Phospholipase C-eta-2) (PLC-eta2);Putative ammonium transporter 1;Amiloride-sensitive sodium channel subunit alpha (Alpha-NaCH) (Epithelial Na(+) channel subunit alpha) (Alpha-ENaC) (Nonvoltage-gated sodium channel 1 subunit alpha) (SCNEA);Annexin A6 (Annexin VI) (Annexin-6);Voltage-dependent calcium channel type A subunit alpha-1 (Cacophony protein);EF-hand calcium-binding domain-containing protein 4B (Calcium release-activated channel regulator 2A) (Ras-related protein Rab-46);Sodium- and chloride-dependent GABA transporter 1 (GAT-1) (Solute carrier family 6 member 1);Bcl-2 homologous antagonist/killer (Apoptosis regulator BAK);Proton-coupled zinc antiporter SLC30A8 (Solute carrier family 30 member 8) (Zinc transporter 8) (ZnT-8);Potassium voltage-gated channel subfamily A member 2 (KC22) (Voltage-gated potassium channel subunit Kv1.2);Cyclic nucleotide-gated channel alpha-3 (CNG channel alpha-3) (CNG-3) (CNG3) (Cone photoreceptor cGMP-gated channel subunit alpha-3);Endosomal/lysosomal proton channel TMEM175 (Potassium channel TMEM175) (Transmembrane protein 175);Ankyrin-2 (ANK-2) (Ankyrin-B) (Brain ankyrin) (Non-erythroid ankyrin);Short transient receptor potential channel 5 (TrpC5) (Capacitative calcium entry channel 2) (CCE2) (Transient receptor protein 5) (TRP-5) (mTRP5) (Trp-related protein 5);Polycystin-2 (Polycystic kidney disease 2 protein homolog);Chromodomain-helicase-DNA-binding protein 7 (CHD-7) (EC 3.6.4.12) (ATP-dependent helicase CHD7);Transient receptor potential cation channel subfamily A member 1 (Ankyrin-like with transmembrane domains protein 1) (Wasabi receptor);Sodium- and chloride-dependent GABA transporter 2 (GAT-2) (Sodium- and chloride-dependent GABA transporter 3) (GAT-3) (Solute carrier family 6 member 13);Sodium- and chloride-dependent GABA transporter 2 (GAT-2) (Sodium- and chloride-dependent GABA transporter 3) (GAT-3) (Solute carrier family 6 member 13);Sodium channel protein type 4 subunit alpha B (Voltage-gated sodium channel subunit alpha Nav1.4b);F-box only protein 11"
"2"	8.58	"GO:0051939"	"gamma-aminobutyric acid import"	"The directed movement of gamma-aminobutyric acid (GABA, 4-aminobutyrate) into a cell or organelle."	"33.333% (4/12)"	0.008332095	2.08	"Pocillopora_acuta_HIv2___RNAseq.g1200.t1;Pocillopora_acuta_HIv2___RNAseq.g28251.t1;Pocillopora_acuta_HIv2___TS.g16482.t1;Pocillopora_acuta_HIv2___TS.g16484.t1"	"Sodium- and chloride-dependent GABA transporter 2 (GAT-2) (Sodium- and chloride-dependent GABA transporter 3) (GAT-3) (Solute carrier family 6 member 13);Sodium- and chloride-dependent GABA transporter 1 (GAT-1) (Solute carrier family 6 member 1);Sodium- and chloride-dependent GABA transporter 2 (GAT-2) (Sodium- and chloride-dependent GABA transporter 3) (GAT-3) (Solute carrier family 6 member 13);Sodium- and chloride-dependent GABA transporter 2 (GAT-2) (Sodium- and chloride-dependent GABA transporter 3) (GAT-3) (Solute carrier family 6 member 13)"
"2"	9.12	"GO:1902022"	"L-lysine transport"	NA	"71.429% (5/7)"	3.584825e-05	4.45	"Pocillopora_acuta_HIv2___RNAseq.25384_t;Pocillopora_acuta_HIv2___RNAseq.g14744.t1;Pocillopora_acuta_HIv2___RNAseq.g19152.t1;Pocillopora_acuta_HIv2___RNAseq.g21527.t1;Pocillopora_acuta_HIv2___RNAseq.g25241.t1"	"Cationic amino acid transporter 2 (CAT-2) (CAT2) (cCAT-2) (Low affinity cationic amino acid transporter 2) (Solute carrier family 7 member 2);Protein btn-1;High affinity cationic amino acid transporter 1 (CAT-1) (CAT1) (Ecotropic retroviral leukemia receptor homolog) (Ecotropic retrovirus receptor homolog) (Solute carrier family 7 member 1) (System Y+ basic amino acid transporter);Protein BTN1;Mitochondrial basic amino acids transporter (Carnitine/acylcarnitine translocase-like) (CACT-like) (Mitochondrial carnitine/acylcarnitine carrier protein CACL) (Mitochondrial ornithine transporter 3) (Solute carrier family 25 member 29)"
"2"	8.87	"GO:0042883"	"cysteine transport"	"The directed movement of cysteine into, out of or within a cell, or between cells, by means of some agent such as a transporter or pore."	"44.444% (4/9)"	0.002525543	2.6	"Pocillopora_acuta_HIv2___RNAseq.g22644.t1;Pocillopora_acuta_HIv2___RNAseq.g7215.t1;Pocillopora_acuta_HIv2___RNAseq.g7217.t1;Pocillopora_acuta_HIv2___TS.g22105.t1"	"Excitatory amino acid transporter 3 (Excitatory amino-acid carrier 1) (Sodium-dependent glutamate/aspartate transporter 3) (Solute carrier family 1 member 1);Major facilitator superfamily domain-containing protein 12 (Protein grizzled);Major facilitator superfamily domain-containing protein 12 (Protein grizzled);Major facilitator superfamily domain-containing protein 12"
"3"	9.46	"GO:0045117"	"azole transmembrane transport"	"The directed movement of azoles, heterocyclic compounds found in many biologically important substances, across a lipid bilayer, across a membrane."	"60% (3/5)"	0.003350763	2.47	"Pocillopora_acuta_HIv2___RNAseq.g19152.t1;Pocillopora_acuta_HIv2___RNAseq.g25241.t1;Pocillopora_acuta_HIv2___TS.g9513.t1"	"High affinity cationic amino acid transporter 1 (CAT-1) (CAT1) (Ecotropic retroviral leukemia receptor homolog) (Ecotropic retrovirus receptor homolog) (Solute carrier family 7 member 1) (System Y+ basic amino acid transporter);Mitochondrial basic amino acids transporter (Carnitine/acylcarnitine translocase-like) (CACT-like) (Mitochondrial carnitine/acylcarnitine carrier protein CACL) (Mitochondrial ornithine transporter 3) (Solute carrier family 25 member 29);Carcinine transporter"
"3"	8.99	"GO:0015881"	"creatine transmembrane transport"	"The directed movement of creatine across a membrane."	"50% (4/8)"	0.001487643	2.83	"Pocillopora_acuta_HIv2___RNAseq.g1200.t1;Pocillopora_acuta_HIv2___RNAseq.g26586.t1;Pocillopora_acuta_HIv2___TS.g16482.t1;Pocillopora_acuta_HIv2___TS.g16484.t1"	"Sodium- and chloride-dependent GABA transporter 2 (GAT-2) (Sodium- and chloride-dependent GABA transporter 3) (GAT-3) (Solute carrier family 6 member 13);Monocarboxylate transporter 9 (MCT 9) (Solute carrier family 16 member 9);Sodium- and chloride-dependent GABA transporter 2 (GAT-2) (Sodium- and chloride-dependent GABA transporter 3) (GAT-3) (Solute carrier family 6 member 13);Sodium- and chloride-dependent GABA transporter 2 (GAT-2) (Sodium- and chloride-dependent GABA transporter 3) (GAT-3) (Solute carrier family 6 member 13)"
"3"	7.63	"GO:0089718"	"amino acid import across plasma membrane"	"The directed movement of an amino acid from outside of a cell, across the plasma membrane and into the cytosol."	"50% (8/16)"	5.401292e-06	5.27	"Pocillopora_acuta_HIv2___RNAseq.25384_t;Pocillopora_acuta_HIv2___RNAseq.g1200.t1;Pocillopora_acuta_HIv2___RNAseq.g12410.t1;Pocillopora_acuta_HIv2___RNAseq.g19152.t1;Pocillopora_acuta_HIv2___RNAseq.g22644.t1;Pocillopora_acuta_HIv2___TS.g16482.t1;Pocillopora_acuta_HIv2___TS.g16484.t1;Pocillopora_acuta_HIv2___TS.g5171.t1"	"Cationic amino acid transporter 2 (CAT-2) (CAT2) (cCAT-2) (Low affinity cationic amino acid transporter 2) (Solute carrier family 7 member 2);Sodium- and chloride-dependent GABA transporter 2 (GAT-2) (Sodium- and chloride-dependent GABA transporter 3) (GAT-3) (Solute carrier family 6 member 13);Excitatory amino acid transporter 2 (GLT-1) (Sodium-dependent glutamate/aspartate transporter 2) (Solute carrier family 1 member 2);High affinity cationic amino acid transporter 1 (CAT-1) (CAT1) (Ecotropic retroviral leukemia receptor homolog) (Ecotropic retrovirus receptor homolog) (Solute carrier family 7 member 1) (System Y+ basic amino acid transporter);Excitatory amino acid transporter 3 (Excitatory amino-acid carrier 1) (Sodium-dependent glutamate/aspartate transporter 3) (Solute carrier family 1 member 1);Sodium- and chloride-dependent GABA transporter 2 (GAT-2) (Sodium- and chloride-dependent GABA transporter 3) (GAT-3) (Solute carrier family 6 member 13);Sodium- and chloride-dependent GABA transporter 2 (GAT-2) (Sodium- and chloride-dependent GABA transporter 3) (GAT-3) (Solute carrier family 6 member 13);Cationic amino acid transporter 2 (CAT-2) (CAT2) (Low affinity cationic amino acid transporter 2) (Solute carrier family 7 member 2)"
"3"	9.27	"GO:1903352"	"L-ornithine transmembrane transport"	NA	"66.667% (4/6)"	0.0003585307	3.45	"Pocillopora_acuta_HIv2___RNAseq.25384_t;Pocillopora_acuta_HIv2___RNAseq.g19152.t1;Pocillopora_acuta_HIv2___RNAseq.g25241.t1;Pocillopora_acuta_HIv2___TS.g5171.t1"	"Cationic amino acid transporter 2 (CAT-2) (CAT2) (cCAT-2) (Low affinity cationic amino acid transporter 2) (Solute carrier family 7 member 2);High affinity cationic amino acid transporter 1 (CAT-1) (CAT1) (Ecotropic retroviral leukemia receptor homolog) (Ecotropic retrovirus receptor homolog) (Solute carrier family 7 member 1) (System Y+ basic amino acid transporter);Mitochondrial basic amino acids transporter (Carnitine/acylcarnitine translocase-like) (CACT-like) (Mitochondrial carnitine/acylcarnitine carrier protein CACL) (Mitochondrial ornithine transporter 3) (Solute carrier family 25 member 29);Cationic amino acid transporter 2 (CAT-2) (CAT2) (Low affinity cationic amino acid transporter 2) (Solute carrier family 7 member 2)"
"3"	8.76	"GO:1903826"	"L-arginine transmembrane transport"	NA	"50% (5/10)"	0.0003579662	3.45	"Pocillopora_acuta_HIv2___RNAseq.g14744.t1;Pocillopora_acuta_HIv2___RNAseq.g19152.t1;Pocillopora_acuta_HIv2___RNAseq.g21527.t1;Pocillopora_acuta_HIv2___RNAseq.g25241.t1;Pocillopora_acuta_HIv2___TS.g5171.t1"	"Protein btn-1;High affinity cationic amino acid transporter 1 (CAT-1) (CAT1) (Ecotropic retroviral leukemia receptor homolog) (Ecotropic retrovirus receptor homolog) (Solute carrier family 7 member 1) (System Y+ basic amino acid transporter);Protein BTN1;Mitochondrial basic amino acids transporter (Carnitine/acylcarnitine translocase-like) (CACT-like) (Mitochondrial carnitine/acylcarnitine carrier protein CACL) (Mitochondrial ornithine transporter 3) (Solute carrier family 25 member 29);Cationic amino acid transporter 2 (CAT-2) (CAT2) (Low affinity cationic amino acid transporter 2) (Solute carrier family 7 member 2)"
"4"	8.36	"GO:0007297"	"follicle cell of egg chamber migration"	"The directed movement of an ovarian follicle cell that takes place during oogenesis. During egg chamber formation, follicle cells migrate to envelop the germ-line cysts and move in between cysts. At stage 10B, follicle cells migrate centripetally between the nurse cells and the oocyte, enclosing the anterior of the egg. An example of this is found in Drosophila melanogaster."	"36.364% (4/11)"	0.005886694	2.23	"Pocillopora_acuta_HIv2___RNAseq.g12287.t1;Pocillopora_acuta_HIv2___RNAseq.g12289.t1;Pocillopora_acuta_HIv2___RNAseq.g9334.t1;Pocillopora_acuta_HIv2___TS.g1768.t1"	"Tyrosine-protein phosphatase Lar (EC 3.1.3.48) (Protein-tyrosine-phosphate phosphohydrolase) (dLAR);Tyrosine-protein phosphatase Lar (EC 3.1.3.48) (Protein-tyrosine-phosphate phosphohydrolase) (dLAR);Tyrosine-protein phosphatase Lar (EC 3.1.3.48) (Protein-tyrosine-phosphate phosphohydrolase) (dLAR);Tyrosine-protein phosphatase Lar (EC 3.1.3.48) (Protein-tyrosine-phosphate phosphohydrolase) (dLAR)"
"4"	8.58	"GO:0031290"	"retinal ganglion cell axon guidance"	"The process in which the migration of an axon growth cone of a retinal ganglion cell (RGC) is directed to its target in the brain in response to a combination of attractive and repulsive cues."	"50% (6/12)"	8.755999e-05	4.06	"Pocillopora_acuta_HIv2___RNAseq.665_t;Pocillopora_acuta_HIv2___RNAseq.g12287.t1;Pocillopora_acuta_HIv2___RNAseq.g12289.t1;Pocillopora_acuta_HIv2___RNAseq.g9334.t1;Pocillopora_acuta_HIv2___TS.g1768.t1;Pocillopora_acuta_HIv2___TS.g24662.t1"	"POU domain, class 4, transcription factor 3 (Brain-specific homeobox/POU domain protein 3C) (Brain-3C) (Brn-3C);Tyrosine-protein phosphatase Lar (EC 3.1.3.48) (Protein-tyrosine-phosphate phosphohydrolase) (dLAR);Tyrosine-protein phosphatase Lar (EC 3.1.3.48) (Protein-tyrosine-phosphate phosphohydrolase) (dLAR);Tyrosine-protein phosphatase Lar (EC 3.1.3.48) (Protein-tyrosine-phosphate phosphohydrolase) (dLAR);Tyrosine-protein phosphatase Lar (EC 3.1.3.48) (Protein-tyrosine-phosphate phosphohydrolase) (dLAR);Neuronal cell adhesion molecule (Nr-CAM) (Ankyrin-binding cell adhesion molecule NrCAM) (Neuronal surface protein Bravo) (rBravo) (NgCAM-related cell adhesion molecule) (Ng-CAM-related)"
"4"	8.87	"GO:0007412"	"axon target recognition"	"The process in which an axon recognizes and binds to a set of cells with which it may form stable connections."	"55.556% (5/9)"	0.0001902677	3.72	"Pocillopora_acuta_HIv2___RNAseq.g12287.t1;Pocillopora_acuta_HIv2___RNAseq.g12289.t1;Pocillopora_acuta_HIv2___RNAseq.g28466.t1;Pocillopora_acuta_HIv2___RNAseq.g9334.t1;Pocillopora_acuta_HIv2___TS.g1768.t1"	"Tyrosine-protein phosphatase Lar (EC 3.1.3.48) (Protein-tyrosine-phosphate phosphohydrolase) (dLAR);Tyrosine-protein phosphatase Lar (EC 3.1.3.48) (Protein-tyrosine-phosphate phosphohydrolase) (dLAR);Ephrin-B2a;Tyrosine-protein phosphatase Lar (EC 3.1.3.48) (Protein-tyrosine-phosphate phosphohydrolase) (dLAR);Tyrosine-protein phosphatase Lar (EC 3.1.3.48) (Protein-tyrosine-phosphate phosphohydrolase) (dLAR)"
"4"	9.27	"GO:0045467"	"R7 cell development"	"The process whose specific outcome is the progression of the R7 photoreceptor over time, from its formation to the mature structure. The R7 photoreceptor is the last photoreceptor to develop in the ommatidium."	"66.667% (4/6)"	0.0003585307	3.45	"Pocillopora_acuta_HIv2___RNAseq.g12287.t1;Pocillopora_acuta_HIv2___RNAseq.g12289.t1;Pocillopora_acuta_HIv2___RNAseq.g9334.t1;Pocillopora_acuta_HIv2___TS.g1768.t1"	"Tyrosine-protein phosphatase Lar (EC 3.1.3.48) (Protein-tyrosine-phosphate phosphohydrolase) (dLAR);Tyrosine-protein phosphatase Lar (EC 3.1.3.48) (Protein-tyrosine-phosphate phosphohydrolase) (dLAR);Tyrosine-protein phosphatase Lar (EC 3.1.3.48) (Protein-tyrosine-phosphate phosphohydrolase) (dLAR);Tyrosine-protein phosphatase Lar (EC 3.1.3.48) (Protein-tyrosine-phosphate phosphohydrolase) (dLAR)"
"4"	8.58	"GO:0060856"	"establishment of blood-brain barrier"	"Establishment of the barrier between the blood and the brain. The cells in the brain are packed tightly together preventing the passage of most molecules from the blood into the brain. Only lipid soluble molecules or those that are actively transported can pass through the blood-brain barrier."	"33.333% (4/12)"	0.008332095	2.08	"Pocillopora_acuta_HIv2___RNAseq.g13060.t1;Pocillopora_acuta_HIv2___RNAseq.g21637.t1;Pocillopora_acuta_HIv2___TS.g15672.t1;Pocillopora_acuta_HIv2___TS.g19097.t2"	"Low-density lipoprotein receptor-related protein 6 (LRP-6);Reversion-inducing cysteine-rich protein with Kazal motifs;Low-density lipoprotein receptor-related protein 5 (LRP-5) (Low-density lipoprotein receptor-related protein 7) (LRP-7);Neurexin-4 (Neurexin IV)"
"4"	8.99	"GO:0008594"	"photoreceptor cell morphogenesis"	"The process in which the structures of a photoreceptor cell are generated and organized. This process occurs while the initially relatively unspecialized cell is acquiring the specialized features of a photoreceptor cell, a sensory cell that reacts to the presence of light. An example of this is found in Drosophila melanogaster."	"50% (4/8)"	0.001487643	2.83	"Pocillopora_acuta_HIv2___RNAseq.g12287.t1;Pocillopora_acuta_HIv2___RNAseq.g12289.t1;Pocillopora_acuta_HIv2___RNAseq.g9334.t1;Pocillopora_acuta_HIv2___TS.g1768.t1"	"Tyrosine-protein phosphatase Lar (EC 3.1.3.48) (Protein-tyrosine-phosphate phosphohydrolase) (dLAR);Tyrosine-protein phosphatase Lar (EC 3.1.3.48) (Protein-tyrosine-phosphate phosphohydrolase) (dLAR);Tyrosine-protein phosphatase Lar (EC 3.1.3.48) (Protein-tyrosine-phosphate phosphohydrolase) (dLAR);Tyrosine-protein phosphatase Lar (EC 3.1.3.48) (Protein-tyrosine-phosphate phosphohydrolase) (dLAR)"
"5"	7.73	"GO:0048596"	"embryonic camera-type eye morphogenesis"	"The process in which the anatomical structures of the eye are generated and organized during embryonic development."	"24% (6/25)"	0.007472808	2.13	"Pocillopora_acuta_HIv2___RNAseq.22067_t;Pocillopora_acuta_HIv2___RNAseq.26564_t;Pocillopora_acuta_HIv2___RNAseq.g13060.t1;Pocillopora_acuta_HIv2___RNAseq.g27673.t1;Pocillopora_acuta_HIv2___RNAseq.g28466.t1;Pocillopora_acuta_HIv2___RNAseq.g3837.t1a"	"Protein Wnt-2b;Transcription factor AP-2-alpha (AP2-alpha) (AP-2 transcription factor) (Activating enhancer-binding protein 2-alpha) (Activator protein 2) (AP-2);Low-density lipoprotein receptor-related protein 6 (LRP-6);Paired box protein Pax-6 (Oculorhombin);Ephrin-B2a;Paired box protein Pax-2a (No isthmus protein) (Pax[Zf-b])"
"5"	7.46	"GO:0002088"	"lens development in camera-type eye"	"The process whose specific outcome is the progression of the lens over time, from its formation to the mature structure. The lens is a transparent structure in the eye through which light is focused onto the retina. An example of this process is found in Mus musculus."	"23.529% (8/34)"	0.002381352	2.62	"Pocillopora_acuta_HIv2___RNAseq.22067_t;Pocillopora_acuta_HIv2___RNAseq.26564_t;Pocillopora_acuta_HIv2___RNAseq.g11345.t1;Pocillopora_acuta_HIv2___RNAseq.g27673.t1;Pocillopora_acuta_HIv2___RNAseq.g2995.t1;Pocillopora_acuta_HIv2___RNAseq.g3743.t1;Pocillopora_acuta_HIv2___RNAseq.g7553.t1;Pocillopora_acuta_HIv2___TS.g9752.t3"	"Protein Wnt-2b;Transcription factor AP-2-alpha (AP2-alpha) (AP-2 transcription factor) (Activating enhancer-binding protein 2-alpha) (Activator protein 2) (AP-2);Tropomodulin-1 (Erythrocyte tropomodulin) (E-Tmod);Paired box protein Pax-6 (Oculorhombin);Transcription factor HES-4-A (Hairy and enhancer of split 4-A) (Protein hairy-2) (Xhairy2) (Protein hairy-2a) (Xhairy2a);Protein sprouty homolog 2 (Spry-2);Protocadherin Fat 1 (Cadherin family member 7) (Cadherin-related tumor suppressor homolog) (Protein fat homolog) [Cleaved into: Protocadherin Fat 1, nuclear form];Protocadherin Fat 1 (Cadherin family member 7) (Cadherin-related tumor suppressor homolog) (Protein fat homolog) [Cleaved into: Protocadherin Fat 1, nuclear form]"
"5"	6.16	"GO:0060041"	"retina development in camera-type eye"	"The process whose specific outcome is the progression of the retina over time, from its formation to the mature structure. The retina is the innermost layer or coating at the back of the eyeball, which is sensitive to light and in which the optic nerve terminates."	"14.737% (14/95)"	0.007914512	2.1	"Pocillopora_acuta_HIv2___RNAseq.22067_t;Pocillopora_acuta_HIv2___RNAseq.26564_t;Pocillopora_acuta_HIv2___RNAseq.g11960.t1;Pocillopora_acuta_HIv2___RNAseq.g13060.t1;Pocillopora_acuta_HIv2___RNAseq.g13533.t1;Pocillopora_acuta_HIv2___RNAseq.g13970.t2;Pocillopora_acuta_HIv2___RNAseq.g22366.t1;Pocillopora_acuta_HIv2___RNAseq.g25248.t1a;Pocillopora_acuta_HIv2___RNAseq.g27673.t1;Pocillopora_acuta_HIv2___RNAseq.g3580.t1;Pocillopora_acuta_HIv2___RNAseq.g8004.t1;Pocillopora_acuta_HIv2___RNAseq.g8093.t1;Pocillopora_acuta_HIv2___TS.g15672.t1;Pocillopora_acuta_HIv2___TS.g19999.t1"	"Protein Wnt-2b;Transcription factor AP-2-alpha (AP2-alpha) (AP-2 transcription factor) (Activating enhancer-binding protein 2-alpha) (Activator protein 2) (AP-2);Trafficking protein particle complex subunit 11 (Protein foie gras);Low-density lipoprotein receptor-related protein 6 (LRP-6);Protein sidekick-2;Tetratricopeptide repeat protein 8 (TPR repeat protein 8) (Bardet-Biedl syndrome 8 protein);Neuronal migration protein doublecortin (Doublin) (Lissencephalin-X) (Lis-X);U4/U6 small nuclear ribonucleoprotein Prp31 (Pre-mRNA-processing factor 31);Paired box protein Pax-6 (Oculorhombin);Pancreas transcription factor 1 subunit alpha (Pancreas-specific transcription factor 1a) (bHLH transcription factor p48);Dysbindin (Biogenesis of lysosome-related organelles complex 1 subunit 8) (BLOC-1 subunit 8) (Dysbindin-1) (Dystrobrevin-binding protein 1) (Hermansky-Pudlak syndrome 7 protein) (HPS7 protein);Chromodomain-helicase-DNA-binding protein 7 (CHD-7) (EC 3.6.4.12) (ATP-dependent helicase CHD7);Low-density lipoprotein receptor-related protein 5 (LRP-5) (Low-density lipoprotein receptor-related protein 7) (LRP-7);Retinal homeobox protein Rx2"
"6"	6.86	"GO:0021549"	"cerebellum development"	"The process whose specific outcome is the progression of the cerebellum over time, from its formation to the mature structure. The cerebellum is the portion of the brain in the back of the head between the cerebrum and the pons. In mice, the cerebellum controls balance for walking and standing, modulates the force and range of movement and is involved in the learning of motor skills."	"17.544% (10/57)"	0.007000227	2.15	"Pocillopora_acuta_HIv2___RNAseq.g11589.t1;Pocillopora_acuta_HIv2___RNAseq.g13060.t1;Pocillopora_acuta_HIv2___RNAseq.g13552.t1;Pocillopora_acuta_HIv2___RNAseq.g21572.t1a;Pocillopora_acuta_HIv2___RNAseq.g27413.t1;Pocillopora_acuta_HIv2___RNAseq.g27673.t1;Pocillopora_acuta_HIv2___RNAseq.g30836.t1;Pocillopora_acuta_HIv2___RNAseq.g3482.t1;Pocillopora_acuta_HIv2___RNAseq.g3837.t1a;Pocillopora_acuta_HIv2___TS.g18947.t1"	"All trans-polyprenyl-diphosphate synthase PDSS2 (All-trans-decaprenyl-diphosphate synthase subunit 2) (EC 2.5.1.91) (Candidate tumor suppressor protein) (Decaprenyl pyrophosphate synthase subunit 2) (Decaprenyl-diphosphate synthase subunit 2) (Solanesyl-diphosphate synthase subunit 2);Low-density lipoprotein receptor-related protein 6 (LRP-6);Voltage-gated potassium channel KCNC1 (NGK2) (Potassium voltage-gated channel subfamily C member 1) (Voltage-gated potassium channel subunit Kv3.1) (Voltage-gated potassium channel subunit Kv4);Gamma-aminobutyric acid receptor subunit beta-3 (GABA(A) receptor subunit beta-3) (GABAAR subunit beta-3);Gamma-aminobutyric acid receptor subunit beta-3 (GABA(A) receptor subunit beta-3) (GABAAR subunit beta-3);Paired box protein Pax-6 (Oculorhombin);Spectrin beta chain, non-erythrocytic 2 (Beta SpIII sigma 1) (Beta-III spectrin) (Glutamate transporter EAAT4-associated protein 41) (SPNB-3) (Spectrin-like protein GTRAP41);Polycomb complex protein BMI-1-A (Polycomb group RING finger protein 4-A);Paired box protein Pax-2a (No isthmus protein) (Pax[Zf-b]);Spectrin beta chain, non-erythrocytic 2 (Beta SpIII sigma 1) (Beta-III spectrin) (Glutamate transporter EAAT4-associated protein 41) (SPNB-3) (Spectrin-like protein GTRAP41)"
"6"	8.23	"GO:0060384"	"innervation"	"The process in which a nerve invades a tissue and makes functional synaptic connection within the tissue."	"29.412% (5/17)"	0.005748638	2.24	"Pocillopora_acuta_HIv2___RNAseq.g13400.t1;Pocillopora_acuta_HIv2___RNAseq.g21572.t1a;Pocillopora_acuta_HIv2___RNAseq.g2263.t1b;Pocillopora_acuta_HIv2___RNAseq.g27413.t1;Pocillopora_acuta_HIv2___RNAseq.g8093.t1"	"Double-stranded RNA-specific editase 1 (EC 3.5.4.37) (RNA-editing deaminase 1) (RNA-editing enzyme 1) (dsRNA adenosine deaminase);Gamma-aminobutyric acid receptor subunit beta-3 (GABA(A) receptor subunit beta-3) (GABAAR subunit beta-3);Endothelin-converting enzyme 1 (ECE-1) (EC 3.4.24.71);Gamma-aminobutyric acid receptor subunit beta-3 (GABA(A) receptor subunit beta-3) (GABAAR subunit beta-3);Chromodomain-helicase-DNA-binding protein 7 (CHD-7) (EC 3.6.4.12) (ATP-dependent helicase CHD7)"
"6"	7.33	"GO:0021545"	"cranial nerve development"	"The process whose specific outcome is the progression of the cranial nerves over time, from its formation to the mature structure. The cranial nerves are composed of twelve pairs of nerves that emanate from the nervous tissue of the hindbrain. These nerves are sensory, motor, or mixed in nature, and provide the motor and general sensory innervation of the head, neck and viscera. They mediate vision, hearing, olfaction and taste and carry the parasympathetic innervation of the autonomic ganglia that control visceral functions."	"30.769% (8/26)"	0.0003427425	3.47	"Pocillopora_acuta_HIv2___RNAseq.26564_t;Pocillopora_acuta_HIv2___RNAseq.665_t;Pocillopora_acuta_HIv2___RNAseq.g12898.t1;Pocillopora_acuta_HIv2___RNAseq.g13400.t1;Pocillopora_acuta_HIv2___RNAseq.g13552.t1;Pocillopora_acuta_HIv2___RNAseq.g18966.t1;Pocillopora_acuta_HIv2___RNAseq.g29275.t1;Pocillopora_acuta_HIv2___RNAseq.g8093.t1"	"Transcription factor AP-2-alpha (AP2-alpha) (AP-2 transcription factor) (Activating enhancer-binding protein 2-alpha) (Activator protein 2) (AP-2);POU domain, class 4, transcription factor 3 (Brain-specific homeobox/POU domain protein 3C) (Brain-3C) (Brn-3C);Sodium/potassium/calcium exchanger 4 (Na(+)/K(+)/Ca(2+)-exchange protein 4) (Solute carrier family 24 member 4);Double-stranded RNA-specific editase 1 (EC 3.5.4.37) (RNA-editing deaminase 1) (RNA-editing enzyme 1) (dsRNA adenosine deaminase);Voltage-gated potassium channel KCNC1 (NGK2) (Potassium voltage-gated channel subfamily C member 1) (Voltage-gated potassium channel subunit Kv3.1) (Voltage-gated potassium channel subunit Kv4);Potassium voltage-gated channel subfamily A member 2 (RAK) (RBK2) (RCK5) (Voltage-gated potassium channel subunit Kv1.2);Potassium voltage-gated channel subfamily A member 2 (KC22) (Voltage-gated potassium channel subunit Kv1.2);Chromodomain-helicase-DNA-binding protein 7 (CHD-7) (EC 3.6.4.12) (ATP-dependent helicase CHD7)"
"6"	8.58	"GO:0010172"	"embryonic body morphogenesis"	"The process in which the anatomical structures of the embryonic soma are generated and organized."	"33.333% (4/12)"	0.008332095	2.08	"Pocillopora_acuta_HIv2___RNAseq.26564_t;Pocillopora_acuta_HIv2___RNAseq.g17085.t1;Pocillopora_acuta_HIv2___RNAseq.g17089.t1;Pocillopora_acuta_HIv2___RNAseq.g17090.t1"	"Transcription factor AP-2-alpha (AP2-alpha) (AP-2 transcription factor) (Activating enhancer-binding protein 2-alpha) (Activator protein 2) (AP-2);Peroxidasin homolog pxn-2 (EC 1.11.2.-);Peroxidasin homolog pxn-2 (EC 1.11.2.-);Peroxidasin homolog pxn-2 (EC 1.11.2.-)"
"6"	8.12	"GO:0034505"	"tooth mineralization"	"The process in which calcium salts are deposited into calcareous tooth structures such as dental enamel, dentin and cementum."	"36.842% (7/19)"	0.0002309452	3.64	"Pocillopora_acuta_HIv2___RNAseq.26564_t;Pocillopora_acuta_HIv2___RNAseq.g12898.t1;Pocillopora_acuta_HIv2___RNAseq.g20688.t1;Pocillopora_acuta_HIv2___RNAseq.g6836.t1;Pocillopora_acuta_HIv2___RNAseq.g7241.t1;Pocillopora_acuta_HIv2___RNAseq.g7243.t1;Pocillopora_acuta_HIv2___RNAseq.g7248.t1"	"Transcription factor AP-2-alpha (AP2-alpha) (AP-2 transcription factor) (Activating enhancer-binding protein 2-alpha) (Activator protein 2) (AP-2);Sodium/potassium/calcium exchanger 4 (Na(+)/K(+)/Ca(2+)-exchange protein 4) (Solute carrier family 24 member 4);Thrombospondin-type laminin G domain and EAR repeat-containing protein (TSP-EAR);Thrombospondin-type laminin G domain and EAR repeat-containing protein (TSP-EAR);Thrombospondin-type laminin G domain and EAR repeat-containing protein (TSP-EAR);Thrombospondin-type laminin G domain and EAR repeat-containing protein (TSP-EAR);Thrombospondin-type laminin G domain and EAR repeat-containing protein (TSP-EAR)"
"7"	6.56	"GO:0007605"	"sensory perception of sound"	"The series of events required for an organism to receive an auditory stimulus, convert it to a molecular signal, and recognize and characterize the signal. Sonic stimuli are detected in the form of vibrations and are processed to form a sound."	"16.092% (14/87)"	0.003564856	2.45	"Pocillopora_acuta_HIv2___RNAseq.26564_t;Pocillopora_acuta_HIv2___RNAseq.665_t;Pocillopora_acuta_HIv2___RNAseq.g20688.t1;Pocillopora_acuta_HIv2___RNAseq.g20846.t1;Pocillopora_acuta_HIv2___RNAseq.g23181.t1;Pocillopora_acuta_HIv2___RNAseq.g25708.t1;Pocillopora_acuta_HIv2___RNAseq.g6836.t1;Pocillopora_acuta_HIv2___RNAseq.g7241.t1;Pocillopora_acuta_HIv2___RNAseq.g7243.t1;Pocillopora_acuta_HIv2___RNAseq.g7248.t1;Pocillopora_acuta_HIv2___RNAseq.g8093.t1;Pocillopora_acuta_HIv2___TS.g14552.t1;Pocillopora_acuta_HIv2___TS.g28111.t1;Pocillopora_acuta_HIv2___TS.g4109.t3"	"Transcription factor AP-2-alpha (AP2-alpha) (AP-2 transcription factor) (Activating enhancer-binding protein 2-alpha) (Activator protein 2) (AP-2);POU domain, class 4, transcription factor 3 (Brain-specific homeobox/POU domain protein 3C) (Brain-3C) (Brn-3C);Thrombospondin-type laminin G domain and EAR repeat-containing protein (TSP-EAR);Fibrocystin-L (Polycystic kidney and hepatic disease 1-like protein 1) (PKHD1-like protein 1) (Protein D86);Myosin-VIIa (Protein crinkled);Lipoxygenase homology domain-containing protein 1;Thrombospondin-type laminin G domain and EAR repeat-containing protein (TSP-EAR);Thrombospondin-type laminin G domain and EAR repeat-containing protein (TSP-EAR);Thrombospondin-type laminin G domain and EAR repeat-containing protein (TSP-EAR);Thrombospondin-type laminin G domain and EAR repeat-containing protein (TSP-EAR);Chromodomain-helicase-DNA-binding protein 7 (CHD-7) (EC 3.6.4.12) (ATP-dependent helicase CHD7);Cadherin-23 (Otocadherin);F-box only protein 11;Pejvakin (Autosomal recessive deafness type 59 protein)"
"7"	8.67	"GO:0050955"	"thermoception"	"The series of events required for an organism to receive a temperature stimulus, convert it to a molecular signal, and recognize and characterize the signal. Thermoception in larger animals is mainly done in the skin; mammals have at least two types of sensor, for detecting heat (temperatures above body temperature) and cold (temperatures below body temperature)."	"40% (4/10)"	0.003970594	2.4	"Pocillopora_acuta_HIv2___RNAseq.10010_t;Pocillopora_acuta_HIv2___RNAseq.g5711.t2;Pocillopora_acuta_HIv2___RNAseq.g9466.t1;Pocillopora_acuta_HIv2___TS.g14960.t2"	"Transient receptor potential cation channel subfamily A member 1 (Ankyrin-like with transmembrane domains protein 1) (Transformation-sensitive protein p120) (p120) (Wasabi receptor);WD repeat-containing protein 47 (Neuronal enriched MAP interacting protein) (Nemitin);Transient receptor potential cation channel subfamily A member 1 (Ankyrin-like with transmembrane domains protein 1) (Wasabi receptor);Glutamate receptor ionotropic, kainate 2 (GluK2) (Glutamate receptor 6) (GluR-6) (GluR6)"
"7"	6.45	"GO:0050953"	"sensory perception of light stimulus"	"The series of events required for an organism to receive a sensory light stimulus, convert it to a molecular signal, and recognize and characterize the signal. This is a neurological process."	"14.583% (14/96)"	0.008671188	2.06	"Pocillopora_acuta_HIv2___RNAseq.665_t;Pocillopora_acuta_HIv2___RNAseq.g11580.t1;Pocillopora_acuta_HIv2___RNAseq.g21265.t1;Pocillopora_acuta_HIv2___RNAseq.g243.t1;Pocillopora_acuta_HIv2___RNAseq.g26058.t1;Pocillopora_acuta_HIv2___RNAseq.g29670.t2;Pocillopora_acuta_HIv2___RNAseq.g3166.t1;Pocillopora_acuta_HIv2___RNAseq.g7452.t1;Pocillopora_acuta_HIv2___RNAseq.g7454.t2;Pocillopora_acuta_HIv2___RNAseq.g8520.t1;Pocillopora_acuta_HIv2___TS.g14552.t1;Pocillopora_acuta_HIv2___TS.g23175.t1;Pocillopora_acuta_HIv2___TS.g24807.t1;Pocillopora_acuta_HIv2___TS.g9513.t1"	"POU domain, class 4, transcription factor 3 (Brain-specific homeobox/POU domain protein 3C) (Brain-3C) (Brn-3C);Hemicentin-1 (Fibulin-6) (FIBL-6);Retinol dehydrogenase 8 (EC 1.1.1.300) (Photoreceptor outer segment all-trans retinol dehydrogenase);Nephrocystin-3;Rhodopsin, GQ-coupled (GQ-rhodopsin);Cyclic nucleotide-gated channel alpha-3 (CNG channel alpha-3) (CNG-3) (CNG3) (Cone photoreceptor cGMP-gated channel subunit alpha-3);Rhodopsin;Nephrocystin-3;Nephrocystin-3;Hemicentin-1 (Fibulin-6) (FIBL-6);Cadherin-23 (Otocadherin);Hemicentin-1 (Fibulin-6) (FIBL-6);Hemicentin-1 (Fibulin-6) (FIBL-6);Carcinine transporter"
"7"	6.91	"GO:0050906"	"detection of stimulus involved in sensory perception"	"The series of events involved in sensory perception in which a sensory stimulus is received and converted into a molecular signal."	"22.5% (9/40)"	0.001807699	2.74	"Pocillopora_acuta_HIv2___RNAseq.10010_t;Pocillopora_acuta_HIv2___RNAseq.g12898.t1;Pocillopora_acuta_HIv2___RNAseq.g5711.t2;Pocillopora_acuta_HIv2___RNAseq.g9466.t1;Pocillopora_acuta_HIv2___TS.g14960.t2;Pocillopora_acuta_HIv2___TS.g15134.t1;Pocillopora_acuta_HIv2___TS.g21857.t1;Pocillopora_acuta_HIv2___TS.g4109.t3;Pocillopora_acuta_HIv2___TS.g9513.t1"	"Transient receptor potential cation channel subfamily A member 1 (Ankyrin-like with transmembrane domains protein 1) (Transformation-sensitive protein p120) (p120) (Wasabi receptor);Sodium/potassium/calcium exchanger 4 (Na(+)/K(+)/Ca(2+)-exchange protein 4) (Solute carrier family 24 member 4);WD repeat-containing protein 47 (Neuronal enriched MAP interacting protein) (Nemitin);Transient receptor potential cation channel subfamily A member 1 (Ankyrin-like with transmembrane domains protein 1) (Wasabi receptor);Glutamate receptor ionotropic, kainate 2 (GluK2) (Glutamate receptor 6) (GluR-6) (GluR6);Mechanosensory protein 2;Polycystin-1-like protein 3 (Polycystin-1L3) (PC1-like 3 protein) (Polycystic kidney disease protein 1-like 3);Pejvakin (Autosomal recessive deafness type 59 protein);Carcinine transporter"
"8"	9.12	"GO:0009812"	"flavonoid metabolic process"	"The chemical reactions and pathways involving flavonoids, a group of water-soluble phenolic derivatives containing a flavan skeleton including flavones, flavonols and flavanoids, and anthocyanins."	"57.143% (4/7)"	0.0007887741	3.1	"Pocillopora_acuta_HIv2___RNAseq.10969_t;Pocillopora_acuta_HIv2___RNAseq.g12481.t1;Pocillopora_acuta_HIv2___RNAseq.g21538.t1;Pocillopora_acuta_HIv2___RNAseq.g9089.t1"	"Sulfotransferase 1B1 (ST1B1) (EC 2.8.2.1) (Sulfotransferase 1B2) (Sulfotransferase family cytosolic 1B member 1) (Thyroid hormone sulfotransferase);Sulfotransferase 1C4 (ST1C4) (EC 2.8.2.1);Sulfotransferase 1B1 (ST1B1) (EC 2.8.2.1) (Sulfotransferase 1B2) (Sulfotransferase family cytosolic 1B member 1) (Thyroid hormone sulfotransferase);Sulfotransferase 1C4 (ST1C4) (EC 2.8.2.1)"
"8"	9.12	"GO:0050427"	"3'-phosphoadenosine 5'-phosphosulfate metabolic process"	"The chemical reactions and pathways involving 3'-phosphoadenosine 5'-phosphosulfate, a naturally occurring mixed anhydride. It is an intermediate in the formation of a variety of sulfo compounds in biological systems."	"71.429% (5/7)"	3.584825e-05	4.45	"Pocillopora_acuta_HIv2___RNAseq.10969_t;Pocillopora_acuta_HIv2___RNAseq.g12481.t1;Pocillopora_acuta_HIv2___RNAseq.g21538.t1;Pocillopora_acuta_HIv2___RNAseq.g25759.t1;Pocillopora_acuta_HIv2___RNAseq.g9089.t1"	"Sulfotransferase 1B1 (ST1B1) (EC 2.8.2.1) (Sulfotransferase 1B2) (Sulfotransferase family cytosolic 1B member 1) (Thyroid hormone sulfotransferase);Sulfotransferase 1C4 (ST1C4) (EC 2.8.2.1);Sulfotransferase 1B1 (ST1B1) (EC 2.8.2.1) (Sulfotransferase 1B2) (Sulfotransferase family cytosolic 1B member 1) (Thyroid hormone sulfotransferase);Bifunctional 3'-phosphoadenosine 5'-phosphosulfate synthase (PAPS synthase) (PAPS synthetase) (PAPSS) (Sulfurylase kinase) (SK) [Includes: Sulfate adenylyltransferase (EC 2.7.7.4) (ATP-sulfurylase) (Sulfate adenylate transferase) (SAT); Adenylyl-sulfate kinase (EC 2.7.1.25) (3'-phosphoadenosine-5'-phosphosulfate synthase) (APS kinase) (Adenosine-5'-phosphosulfate 3'-phosphotransferase) (Adenylylsulfate 3'-phosphotransferase)];Sulfotransferase 1C4 (ST1C4) (EC 2.8.2.1)"
"8"	8.12	"GO:0009208"	"pyrimidine ribonucleoside triphosphate metabolic process"	"The chemical reactions and pathways involving pyrimidine ribonucleoside triphosphate, a compound consisting of a pyrimidine base linked to a ribose sugar esterified with triphosphate on the sugar."	"33.333% (4/12)"	0.008332095	2.08	"Pocillopora_acuta_HIv2___RNAseq.g11840.t1;Pocillopora_acuta_HIv2___RNAseq.g21884.t1;Pocillopora_acuta_HIv2___RNAseq.g3911.t1;Pocillopora_acuta_HIv2___TS.g19040.t1"	"CTP synthase 1 (EC 6.3.4.2) (CTP synthetase 1) (UTP--ammonia ligase 1);Ectonucleoside triphosphate diphosphohydrolase 4 (NTPDase 4) (EC 3.6.1.15) (EC 3.6.1.6) (Golgi UDPase) (Lysosomal apyrase-like protein of 70 kDa) (Uridine-diphosphatase) (UDPase) (EC 3.6.1.42);Nucleoside diphosphate kinase homolog 5 (3'-5' exonuclease NME5) (EC 3.1.-.-);GTP:AMP phosphotransferase AK3, mitochondrial (EC 2.7.4.10) (Adenylate kinase 3) (Adenylate kinase 3 alpha-like 1) (Adenylate kinase isozyme 3)"
"8"	6.48	"GO:1901607"	"alpha-amino acid biosynthetic process"	NA	"16.667% (12/72)"	0.005047808	2.3	"Pocillopora_acuta_HIv2___RNAseq.g10854.t2;Pocillopora_acuta_HIv2___RNAseq.g12417.t1;Pocillopora_acuta_HIv2___RNAseq.g1504.t1;Pocillopora_acuta_HIv2___RNAseq.g16699.t1;Pocillopora_acuta_HIv2___RNAseq.g19367.t1;Pocillopora_acuta_HIv2___RNAseq.g23634.t1;Pocillopora_acuta_HIv2___RNAseq.g28641.t1;Pocillopora_acuta_HIv2___RNAseq.g7498.t1;Pocillopora_acuta_HIv2___TS.g19253.t1;Pocillopora_acuta_HIv2___TS.g3401.t1;Pocillopora_acuta_HIv2___TS.g6241.t1e;Pocillopora_acuta_HIv2___TS.g7609.t1b"	"Phenylalanine-4-hydroxylase (PAH) (EC 1.14.16.1) (Phe-4-monooxygenase);Cystathionine gamma-lyase (CGL) (CSE) (EC 4.4.1.1) (Cysteine desulfhydrase) (Cysteine-protein sulfhydrase) (Gamma-cystathionase) (Homocysteine desulfhydrase) (EC 4.4.1.2);L-threonine ammonia-lyase (EC 4.3.1.19) (L-serine ammonia-lyase) (EC 4.3.1.17) (Threonine dehydratase);Glutathione hydrolase 1 proenzyme (EC 3.4.19.13) (Gamma-glutamyltransferase 1) (Gamma-glutamyltranspeptidase 1) (GGT 1) (EC 2.3.2.2) (Leukotriene-C4 hydrolase) (EC 3.4.19.14) (CD antigen CD224) [Cleaved into: Glutathione hydrolase 1 heavy chain; Glutathione hydrolase 1 light chain];Methylenetetrahydrofolate reductase (NADPH) (EC 1.5.1.53);Acireductone dioxygenase (Acireductone dioxygenase (Fe(2+)-requiring)) (ARD') (Fe-ARD) (EC 1.13.11.54) (Acireductone dioxygenase (Ni(2+)-requiring)) (ARD) (Ni-ARD) (EC 1.13.11.53);Protein TabA;Branched-chain-amino-acid aminotransferase (EC 2.6.1.42);Delta-1-pyrroline-5-carboxylate synthase (P5CS) (Aldehyde dehydrogenase family 18 member A1) [Includes: Glutamate 5-kinase (GK) (EC 2.7.2.11) (Gamma-glutamyl kinase); Gamma-glutamyl phosphate reductase (GPR) (EC 1.2.1.41) (Glutamate-5-semialdehyde dehydrogenase) (Glutamyl-gamma-semialdehyde dehydrogenase)];Asparagine synthetase domain-containing protein 1;Glutamate dehydrogenase (GDH) (EC 1.4.1.3) (NAD(P)H-utilizing glutamate dehydrogenase);Phosphoserine phosphatase (PSP) (PSPase) (EC 3.1.3.3) (O-phosphoserine phosphohydrolase)"
"8"	9.27	"GO:0046314"	"phosphocreatine biosynthetic process"	"The chemical reactions and pathways resulting in the formation of phosphocreatine, a phosphagen of creatine which is synthesized and broken down by creatine phosphokinase."	"66.667% (4/6)"	0.0003585307	3.45	"Pocillopora_acuta_HIv2___RNAseq.g15574.t1;Pocillopora_acuta_HIv2___RNAseq.g15577.t1;Pocillopora_acuta_HIv2___RNAseq.g15584.t1;Pocillopora_acuta_HIv2___RNAseq.g2258.t1"	"Creatine kinase, testis isozyme (EC 2.7.3.2);Creatine kinase M-type (EC 2.7.3.2) (Creatine kinase M chain) (Creatine phosphokinase M-type) (CPK-M) (M-CK);Creatine kinase M-type (EC 2.7.3.2) (Creatine kinase M chain) (Creatine phosphokinase M-type) (CPK-M) (M-CK);Arginine kinase (AK) (EC 2.7.3.3)"
"9"	8.58	"GO:0001956"	"positive regulation of neurotransmitter secretion"	"Any process that activates or increases the frequency, rate or extent of the regulated release of a neurotransmitter."	"36.364% (4/11)"	0.005886694	2.23	"Pocillopora_acuta_HIv2___RNAseq.g1217.t1;Pocillopora_acuta_HIv2___RNAseq.g28815.t1;Pocillopora_acuta_HIv2___RNAseq.g4031.t1c;Pocillopora_acuta_HIv2___RNAseq.g8004.t1"	"Adenosine receptor A2a;Synaptotagmin-1 (Synaptotagmin I) (SytI);Synaptotagmin-1 (Synaptotagmin I) (SytI);Dysbindin (Biogenesis of lysosome-related organelles complex 1 subunit 8) (BLOC-1 subunit 8) (Dysbindin-1) (Dystrobrevin-binding protein 1) (Hermansky-Pudlak syndrome 7 protein) (HPS7 protein)"
"9"	6.43	"GO:0016079"	"synaptic vesicle exocytosis"	"Fusion of intracellular membrane-bounded vesicles with the pre-synaptic membrane of the neuronal cell resulting in release of neurotransmitter into the synaptic cleft."	"20.69% (12/58)"	0.0007398748	3.13	"Pocillopora_acuta_HIv2___RNAseq.g12223.t1;Pocillopora_acuta_HIv2___RNAseq.g13403.t1;Pocillopora_acuta_HIv2___RNAseq.g26700.t1;Pocillopora_acuta_HIv2___RNAseq.g2827.t1;Pocillopora_acuta_HIv2___RNAseq.g28815.t1;Pocillopora_acuta_HIv2___RNAseq.g30836.t1;Pocillopora_acuta_HIv2___RNAseq.g4028.t1;Pocillopora_acuta_HIv2___RNAseq.g4031.t1c;Pocillopora_acuta_HIv2___RNAseq.g8004.t1;Pocillopora_acuta_HIv2___TS.g18947.t1;Pocillopora_acuta_HIv2___TS.g28908.t1;Pocillopora_acuta_HIv2___TS.g3024.t4"	"Ras-related protein Rab-3;Synaptotagmin-9 (Synaptotagmin IX) (SytIX);Proline-rich transmembrane protein 2 (Dispanin subfamily B member 3) (DSPB3);Synaptotagmin-7 (IPCA-7) (Prostate cancer-associated protein 7) (Synaptotagmin VII) (SytVII);Synaptotagmin-1 (Synaptotagmin I) (SytI);Spectrin beta chain, non-erythrocytic 2 (Beta SpIII sigma 1) (Beta-III spectrin) (Glutamate transporter EAAT4-associated protein 41) (SPNB-3) (Spectrin-like protein GTRAP41);Synaptotagmin-7 (IPCA-7) (Prostate cancer-associated protein 7) (Synaptotagmin VII) (SytVII);Synaptotagmin-1 (Synaptotagmin I) (SytI);Dysbindin (Biogenesis of lysosome-related organelles complex 1 subunit 8) (BLOC-1 subunit 8) (Dysbindin-1) (Dystrobrevin-binding protein 1) (Hermansky-Pudlak syndrome 7 protein) (HPS7 protein);Spectrin beta chain, non-erythrocytic 2 (Beta SpIII sigma 1) (Beta-III spectrin) (Glutamate transporter EAAT4-associated protein 41) (SPNB-3) (Spectrin-like protein GTRAP41);Complexin-1;Protein unc-13 homolog C (Munc13-3)"
"9"	6.64	"GO:0090276"	"regulation of peptide hormone secretion"	"Any process that modulates the rate, frequency, or extent of the regulated release of a peptide hormone from secretory granules."	"16.216% (12/74)"	0.006320648	2.2	"Pocillopora_acuta_HIv2___RNAseq.g14871.t1;Pocillopora_acuta_HIv2___RNAseq.g19870.t1;Pocillopora_acuta_HIv2___RNAseq.g25689.t1;Pocillopora_acuta_HIv2___RNAseq.g25869.t1;Pocillopora_acuta_HIv2___RNAseq.g2827.t1;Pocillopora_acuta_HIv2___RNAseq.g4028.t1;Pocillopora_acuta_HIv2___RNAseq.g8093.t1;Pocillopora_acuta_HIv2___RNAseq.g9466.t1;Pocillopora_acuta_HIv2___RNAseq.g993.t1;Pocillopora_acuta_HIv2___RNAseq.g994.t1;Pocillopora_acuta_HIv2___TS.g15672.t1;Pocillopora_acuta_HIv2___TS.g27807.t1"	"Extracellular calcium-sensing receptor (CaSR) (Parathyroid cell calcium-sensing receptor) (PCaR1) (RaKCaR);Gamma-aminobutyric acid type B receptor subunit 1 (GABA-B receptor 1) (GABA-B-R1) (GABA-BR1) (GABABR1) (Gb1);Melatonin receptor type 1A (Mel-1A-R) (Mel1a receptor);DNA-binding protein RFX6 (Regulatory factor X 6);Synaptotagmin-7 (IPCA-7) (Prostate cancer-associated protein 7) (Synaptotagmin VII) (SytVII);Synaptotagmin-7 (IPCA-7) (Prostate cancer-associated protein 7) (Synaptotagmin VII) (SytVII);Chromodomain-helicase-DNA-binding protein 7 (CHD-7) (EC 3.6.4.12) (ATP-dependent helicase CHD7);Transient receptor potential cation channel subfamily A member 1 (Ankyrin-like with transmembrane domains protein 1) (Wasabi receptor);Polyunsaturated fatty acid 5-lipoxygenase (EC 1.13.11.-) (Arachidonate 5-lipoxygenase) (5-LO) (5-lipoxygenase) (EC 1.13.11.34);Polyunsaturated fatty acid 5-lipoxygenase (EC 1.13.11.-) (Arachidonate 5-lipoxygenase) (5-LO) (5-lipoxygenase) (EC 1.13.11.34);Low-density lipoprotein receptor-related protein 5 (LRP-5) (Low-density lipoprotein receptor-related protein 7) (LRP-7);Glucosylceramide transporter ABCA12 (EC 7.6.2.1) (ATP-binding cassette sub-family A member 12) (ATP-binding cassette transporter 12) (ATP-binding cassette 12)"
"9"	8.02	"GO:0014059"	"regulation of dopamine secretion"	"Any process that modulates the frequency, rate or extent of the regulated release of dopamine."	"28.571% (6/21)"	0.002931756	2.53	"Pocillopora_acuta_HIv2___RNAseq.g18966.t1;Pocillopora_acuta_HIv2___RNAseq.g19870.t1;Pocillopora_acuta_HIv2___RNAseq.g28815.t1;Pocillopora_acuta_HIv2___RNAseq.g29275.t1;Pocillopora_acuta_HIv2___RNAseq.g4031.t1c;Pocillopora_acuta_HIv2___RNAseq.g8004.t1"	"Potassium voltage-gated channel subfamily A member 2 (RAK) (RBK2) (RCK5) (Voltage-gated potassium channel subunit Kv1.2);Gamma-aminobutyric acid type B receptor subunit 1 (GABA-B receptor 1) (GABA-B-R1) (GABA-BR1) (GABABR1) (Gb1);Synaptotagmin-1 (Synaptotagmin I) (SytI);Potassium voltage-gated channel subfamily A member 2 (KC22) (Voltage-gated potassium channel subunit Kv1.2);Synaptotagmin-1 (Synaptotagmin I) (SytI);Dysbindin (Biogenesis of lysosome-related organelles complex 1 subunit 8) (BLOC-1 subunit 8) (Dysbindin-1) (Dystrobrevin-binding protein 1) (Hermansky-Pudlak syndrome 7 protein) (HPS7 protein)"
"9"	9.27	"GO:0014049"	"positive regulation of glutamate secretion"	"Any process that activates or increases the frequency, rate or extent of the controlled release of glutamate."	"50% (3/6)"	0.006342996	2.2	"Pocillopora_acuta_HIv2___RNAseq.g1217.t1;Pocillopora_acuta_HIv2___RNAseq.g19870.t1;Pocillopora_acuta_HIv2___RNAseq.g8004.t1"	"Adenosine receptor A2a;Gamma-aminobutyric acid type B receptor subunit 1 (GABA-B receptor 1) (GABA-B-R1) (GABA-BR1) (GABABR1) (Gb1);Dysbindin (Biogenesis of lysosome-related organelles complex 1 subunit 8) (BLOC-1 subunit 8) (Dysbindin-1) (Dystrobrevin-binding protein 1) (Hermansky-Pudlak syndrome 7 protein) (HPS7 protein)"
"9"	8.29	"GO:0045956"	"positive regulation of calcium ion-dependent exocytosis"	"Any process that activates or increases the frequency, rate or extent of calcium ion-dependent exocytosis."	"33.333% (5/15)"	0.003147738	2.5	"Pocillopora_acuta_HIv2___RNAseq.30415_t;Pocillopora_acuta_HIv2___RNAseq.g2827.t1;Pocillopora_acuta_HIv2___RNAseq.g28815.t1;Pocillopora_acuta_HIv2___RNAseq.g4028.t1;Pocillopora_acuta_HIv2___RNAseq.g4031.t1c"	"Synaptotagmin-10 (Synaptotagmin X) (SytX);Synaptotagmin-7 (IPCA-7) (Prostate cancer-associated protein 7) (Synaptotagmin VII) (SytVII);Synaptotagmin-1 (Synaptotagmin I) (SytI);Synaptotagmin-7 (IPCA-7) (Prostate cancer-associated protein 7) (Synaptotagmin VII) (SytVII);Synaptotagmin-1 (Synaptotagmin I) (SytI)"
"10"	6.6	"GO:0062208"	"positive regulation of pattern recognition receptor signaling pathway"	"Any process that decreases the rate, frequency or extent of a pattern recognition receptor signaling pathway."	"18.75% (9/48)"	0.006614729	2.18	"Pocillopora_acuta_HIv2___RNAseq.g17047.t1;Pocillopora_acuta_HIv2___RNAseq.g18756.t2;Pocillopora_acuta_HIv2___RNAseq.g30624.t2b;Pocillopora_acuta_HIv2___RNAseq.g7625.t1;Pocillopora_acuta_HIv2___RNAseq.g7628.t1;Pocillopora_acuta_HIv2___RNAseq.g763.t1;Pocillopora_acuta_HIv2___RNAseq.g7881.t1;Pocillopora_acuta_HIv2___TS.g15668.t1;Pocillopora_acuta_HIv2___TS.g4312.t1"	"Guanylate-binding protein 2 (EC 3.6.5.-) (GTP-binding protein 2) (GBP-2) (HuGBP-2) (Guanine nucleotide-binding protein 2) (Interferon-induced guanylate-binding protein 2);Tripartite motif-containing protein 3 (EC 2.3.2.27) (Brain-expressed RING finger protein) (RING finger protein 22) (RING finger protein 97);Ankyrin repeat domain-containing protein 17 (Ankyrin repeat domain-containing protein FOE) (Gene trap ankyrin repeat protein);Toll-like receptor 1 (Toll/interleukin-1 receptor-like protein) (TIL) (CD antigen CD281);Toll-like receptor 6 (CD antigen CD286);Tripartite motif-containing protein 3 (EC 2.3.2.27) (Brain-expressed RING finger protein) (RING finger protein 22);Probable ATP-dependent RNA helicase DDX60 (EC 3.6.4.13) (DEAD box protein 60);Myeloid differentiation primary response protein MyD88;Tripartite motif-containing protein 3 (EC 2.3.2.27) (Brain-expressed RING finger protein) (RING finger protein 22)"
"10"	7.46	"GO:0007193"	"adenylate cyclase-inhibiting G protein-coupled receptor signaling pathway"	"A G protein-coupled receptor signaling pathway in which the signal is transmitted via the inhibition of adenylyl cyclase activity and a subsequent decrease in the intracellular concentration of cyclic AMP (cAMP)."	"20.588% (7/34)"	0.009554664	2.02	"Pocillopora_acuta_HIv2___RNAseq.g14871.t1;Pocillopora_acuta_HIv2___RNAseq.g19870.t1;Pocillopora_acuta_HIv2___RNAseq.g23414.t1;Pocillopora_acuta_HIv2___RNAseq.g2519.t1;Pocillopora_acuta_HIv2___RNAseq.g25689.t1;Pocillopora_acuta_HIv2___RNAseq.g27609.t1;Pocillopora_acuta_HIv2___TS.g305.t1"	"Extracellular calcium-sensing receptor (CaSR) (Parathyroid cell calcium-sensing receptor) (PCaR1) (RaKCaR);Gamma-aminobutyric acid type B receptor subunit 1 (GABA-B receptor 1) (GABA-B-R1) (GABA-BR1) (GABABR1) (Gb1);5-hydroxytryptamine receptor 1B (5-HT-1B) (5-HT1B) (Serotonin receptor 1B);Gamma-aminobutyric acid type B receptor subunit 2 (GABA-B receptor 2) (GABA-B-R2) (GABA-BR2) (GABABR2) (Gb2) (G-protein coupled receptor 51) (HG20);Melatonin receptor type 1A (Mel-1A-R) (Mel1a receptor);cGMP-dependent 3',5'-cyclic phosphodiesterase (EC 3.1.4.17) (Cyclic GMP-stimulated phosphodiesterase) (CGS-PDE) (cGSPDE);Gamma-aminobutyric acid type B receptor subunit 2 (GABA-B receptor 2) (GABA-B-R2) (GABA-BR2) (GABABR2) (Gb2) (G-protein coupled receptor 51) (HG20)"
"10"	8.5	"GO:0007214"	"gamma-aminobutyric acid signaling pathway"	"The series of molecular signals generated by the binding of gamma-aminobutyric acid (GABA, 4-aminobutyrate), an amino acid which acts as a neurotransmitter in some organisms, to its receptor on the surface of a target cell."	"38.462% (5/13)"	0.001522878	2.82	"Pocillopora_acuta_HIv2___RNAseq.g19870.t1;Pocillopora_acuta_HIv2___RNAseq.g21572.t1a;Pocillopora_acuta_HIv2___RNAseq.g2519.t1;Pocillopora_acuta_HIv2___RNAseq.g27413.t1;Pocillopora_acuta_HIv2___TS.g305.t1"	"Gamma-aminobutyric acid type B receptor subunit 1 (GABA-B receptor 1) (GABA-B-R1) (GABA-BR1) (GABABR1) (Gb1);Gamma-aminobutyric acid receptor subunit beta-3 (GABA(A) receptor subunit beta-3) (GABAAR subunit beta-3);Gamma-aminobutyric acid type B receptor subunit 2 (GABA-B receptor 2) (GABA-B-R2) (GABA-BR2) (GABABR2) (Gb2) (G-protein coupled receptor 51) (HG20);Gamma-aminobutyric acid receptor subunit beta-3 (GABA(A) receptor subunit beta-3) (GABAAR subunit beta-3);Gamma-aminobutyric acid type B receptor subunit 2 (GABA-B receptor 2) (GABA-B-R2) (GABA-BR2) (GABABR2) (Gb2) (G-protein coupled receptor 51) (HG20)"
"11"	8.58	"GO:0150099"	"neuron-glial cell signaling"	NA	"33.333% (4/12)"	0.008332095	2.08	"Pocillopora_acuta_HIv2___RNAseq.g17965.t1;Pocillopora_acuta_HIv2___RNAseq.g19870.t1;Pocillopora_acuta_HIv2___RNAseq.g2519.t1;Pocillopora_acuta_HIv2___TS.g305.t1"	"Alpha-1A adrenergic receptor (Alpha-1A adrenoreceptor) (Alpha-1A adrenoceptor) (Alpha-1C adrenergic receptor);Gamma-aminobutyric acid type B receptor subunit 1 (GABA-B receptor 1) (GABA-B-R1) (GABA-BR1) (GABABR1) (Gb1);Gamma-aminobutyric acid type B receptor subunit 2 (GABA-B receptor 2) (GABA-B-R2) (GABA-BR2) (GABABR2) (Gb2) (G-protein coupled receptor 51) (HG20);Gamma-aminobutyric acid type B receptor subunit 2 (GABA-B receptor 2) (GABA-B-R2) (GABA-BR2) (GABABR2) (Gb2) (G-protein coupled receptor 51) (HG20)"
"11"	7.31	"GO:0019226"	"transmission of nerve impulse"	"The neurological system process in which a signal is transmitted through the nervous system by a combination of action potential propagation and synaptic transmission."	"19.512% (8/41)"	0.008018883	2.1	"Pocillopora_acuta_HIv2___RNAseq.g18966.t1;Pocillopora_acuta_HIv2___RNAseq.g28741.t1;Pocillopora_acuta_HIv2___RNAseq.g29275.t1;Pocillopora_acuta_HIv2___RNAseq.g9466.t1;Pocillopora_acuta_HIv2___RNAseq.g9609.t1;Pocillopora_acuta_HIv2___TS.g16172.t3;Pocillopora_acuta_HIv2___TS.g21128.t1;Pocillopora_acuta_HIv2___TS.g24662.t1"	"Potassium voltage-gated channel subfamily A member 2 (RAK) (RBK2) (RCK5) (Voltage-gated potassium channel subunit Kv1.2);Glycine receptor subunit alpha-1 (Glycine receptor 48 kDa subunit) (Glycine receptor strychnine-binding subunit);Potassium voltage-gated channel subfamily A member 2 (KC22) (Voltage-gated potassium channel subunit Kv1.2);Transient receptor potential cation channel subfamily A member 1 (Ankyrin-like with transmembrane domains protein 1) (Wasabi receptor);Monocarboxylate transporter 8 (MCT 8) (Solute carrier family 16 member 2);Sodium channel protein 1 brain (Sodium channel protein I brain);Sodium channel protein type 4 subunit alpha B (Voltage-gated sodium channel subunit alpha Nav1.4b);Neuronal cell adhesion molecule (Nr-CAM) (Ankyrin-binding cell adhesion molecule NrCAM) (Neuronal surface protein Bravo) (rBravo) (NgCAM-related cell adhesion molecule) (Ng-CAM-related)"
"11"	8.87	"GO:0060080"	"inhibitory postsynaptic potential"	"A process that causes a temporary decrease in postsynaptic membrane potential due to the flow of negatively charged ions into the postsynaptic cell. The flow of ions that causes an IPSP is an inhibitory postsynaptic current (IPSC) and makes it more difficult for the neuron to fire an action potential."	"55.556% (5/9)"	0.0001902677	3.72	"Pocillopora_acuta_HIv2___RNAseq.g1217.t1;Pocillopora_acuta_HIv2___RNAseq.g21572.t1a;Pocillopora_acuta_HIv2___RNAseq.g27413.t1;Pocillopora_acuta_HIv2___RNAseq.g28741.t1;Pocillopora_acuta_HIv2___RNAseq.g6468.t1"	"Adenosine receptor A2a;Gamma-aminobutyric acid receptor subunit beta-3 (GABA(A) receptor subunit beta-3) (GABAAR subunit beta-3);Gamma-aminobutyric acid receptor subunit beta-3 (GABA(A) receptor subunit beta-3) (GABAAR subunit beta-3);Glycine receptor subunit alpha-1 (Glycine receptor 48 kDa subunit) (Glycine receptor strychnine-binding subunit);Adenosine receptor A2a"
"11"	7.4	"GO:0051932"	"synaptic transmission, GABAergic"	"The vesicular release of gamma-aminobutyric acid (GABA). from a presynapse, across a chemical synapse, the subsequent activation of GABA receptors at the postsynapse of a target cell (neuron, muscle, or secretory cell) and the effects of this activation on the postsynaptic membrane potential and ionic composition of the postsynaptic cytosol. This process encompasses both spontaneous and evoked release of neurotransmitter and all parts of synaptic vesicle exocytosis. Evoked transmission starts with the arrival of an action potential at the presynapse."	"23.684% (9/38)"	0.001226944	2.91	"Pocillopora_acuta_HIv2___RNAseq.g1217.t1;Pocillopora_acuta_HIv2___RNAseq.g13672.t1;Pocillopora_acuta_HIv2___RNAseq.g19870.t1;Pocillopora_acuta_HIv2___RNAseq.g21572.t1a;Pocillopora_acuta_HIv2___RNAseq.g2519.t1;Pocillopora_acuta_HIv2___RNAseq.g27413.t1;Pocillopora_acuta_HIv2___RNAseq.g28251.t1;Pocillopora_acuta_HIv2___RNAseq.g6468.t1;Pocillopora_acuta_HIv2___TS.g305.t1"	"Adenosine receptor A2a;Carbonic anhydrase 7 (EC 4.2.1.1) (Carbonate dehydratase VII) (Carbonic anhydrase VII) (CA-VII);Gamma-aminobutyric acid type B receptor subunit 1 (GABA-B receptor 1) (GABA-B-R1) (GABA-BR1) (GABABR1) (Gb1);Gamma-aminobutyric acid receptor subunit beta-3 (GABA(A) receptor subunit beta-3) (GABAAR subunit beta-3);Gamma-aminobutyric acid type B receptor subunit 2 (GABA-B receptor 2) (GABA-B-R2) (GABA-BR2) (GABABR2) (Gb2) (G-protein coupled receptor 51) (HG20);Gamma-aminobutyric acid receptor subunit beta-3 (GABA(A) receptor subunit beta-3) (GABAAR subunit beta-3);Sodium- and chloride-dependent GABA transporter 1 (GAT-1) (Solute carrier family 6 member 1);Adenosine receptor A2a;Gamma-aminobutyric acid type B receptor subunit 2 (GABA-B receptor 2) (GABA-B-R2) (GABA-BR2) (GABABR2) (Gb2) (G-protein coupled receptor 51) (HG20)"
"11"	9.46	"GO:1990926"	"short-term synaptic potentiation"	NA	"60% (3/5)"	0.003350763	2.47	"Pocillopora_acuta_HIv2___RNAseq.g26700.t1;Pocillopora_acuta_HIv2___RNAseq.g2827.t1;Pocillopora_acuta_HIv2___RNAseq.g4028.t1"	"Proline-rich transmembrane protein 2 (Dispanin subfamily B member 3) (DSPB3);Synaptotagmin-7 (IPCA-7) (Prostate cancer-associated protein 7) (Synaptotagmin VII) (SytVII);Synaptotagmin-7 (IPCA-7) (Prostate cancer-associated protein 7) (Synaptotagmin VII) (SytVII)"
"12"	9.27	"GO:0060232"	"delamination"	"The process of negative regulation of cell adhesion that results in a cell or sheet of cells splitting off from an existing epithelial sheet."	"60% (3/5)"	0.003350763	2.47	"Pocillopora_acuta_HIv2___RNAseq.g14615.t1;Pocillopora_acuta_HIv2___RNAseq.g7833.t1;Pocillopora_acuta_HIv2___TS.g27807.t1"	"Microtubule organization protein AKNA (AT-hook-containing transcription factor);N6-adenosine-methyltransferase catalytic subunit (EC 2.1.1.348) (Methyltransferase-like protein 3) (hMETTL3) (N6-adenosine-methyltransferase 70 kDa subunit) (MT-A70);Glucosylceramide transporter ABCA12 (EC 7.6.2.1) (ATP-binding cassette sub-family A member 12) (ATP-binding cassette transporter 12) (ATP-binding cassette 12)"
"12"	9.46	"GO:1903385"	"regulation of homophilic cell adhesion"	NA	"80% (4/5)"	0.0001267714	3.9	"Pocillopora_acuta_HIv2___RNAseq.g12287.t1;Pocillopora_acuta_HIv2___RNAseq.g12289.t1;Pocillopora_acuta_HIv2___RNAseq.g9334.t1;Pocillopora_acuta_HIv2___TS.g1768.t1"	"Tyrosine-protein phosphatase Lar (EC 3.1.3.48) (Protein-tyrosine-phosphate phosphohydrolase) (dLAR);Tyrosine-protein phosphatase Lar (EC 3.1.3.48) (Protein-tyrosine-phosphate phosphohydrolase) (dLAR);Tyrosine-protein phosphatase Lar (EC 3.1.3.48) (Protein-tyrosine-phosphate phosphohydrolase) (dLAR);Tyrosine-protein phosphatase Lar (EC 3.1.3.48) (Protein-tyrosine-phosphate phosphohydrolase) (dLAR)"
"13"	9.27	"GO:0010185"	"regulation of cellular defense response"	"Any process that modulates the frequency, rate or extent of cellular defense response."	"66.667% (4/6)"	0.0003585307	3.45	"Pocillopora_acuta_HIv2___RNAseq.g12286.t1;Pocillopora_acuta_HIv2___RNAseq.g12290.t1;Pocillopora_acuta_HIv2___RNAseq.g12292.t1;Pocillopora_acuta_HIv2___TS.g3256.t1"	"Fucolectin-4;Fucolectin;Fucolectin;Fucolectin-3"
"13"	9.27	"GO:0001868"	"regulation of complement activation, lectin pathway"	"Any process that modulates the frequency, rate or extent of the lectin pathway of complement activation."	"66.667% (4/6)"	0.0003585307	3.45	"Pocillopora_acuta_HIv2___RNAseq.g12286.t1;Pocillopora_acuta_HIv2___RNAseq.g12290.t1;Pocillopora_acuta_HIv2___RNAseq.g12292.t1;Pocillopora_acuta_HIv2___TS.g3256.t1"	"Fucolectin-4;Fucolectin;Fucolectin;Fucolectin-3"
"13"	8.07	"GO:0050802"	"circadian sleep/wake cycle, sleep"	"The part of the circadian sleep/wake cycle where the organism is asleep."	"31.579% (6/19)"	0.001659721	2.78	"Pocillopora_acuta_HIv2___RNAseq.g1217.t1;Pocillopora_acuta_HIv2___RNAseq.g16948.t1;Pocillopora_acuta_HIv2___RNAseq.g18966.t1;Pocillopora_acuta_HIv2___RNAseq.g21572.t1a;Pocillopora_acuta_HIv2___RNAseq.g27413.t1;Pocillopora_acuta_HIv2___RNAseq.g29275.t1"	"Adenosine receptor A2a;Neurocalcin homolog (DrosNCa);Potassium voltage-gated channel subfamily A member 2 (RAK) (RBK2) (RCK5) (Voltage-gated potassium channel subunit Kv1.2);Gamma-aminobutyric acid receptor subunit beta-3 (GABA(A) receptor subunit beta-3) (GABAAR subunit beta-3);Gamma-aminobutyric acid receptor subunit beta-3 (GABA(A) receptor subunit beta-3) (GABAAR subunit beta-3);Potassium voltage-gated channel subfamily A member 2 (KC22) (Voltage-gated potassium channel subunit Kv1.2)"
"13"	8.58	"GO:0071361"	"cellular response to ethanol"	"Any process that results in a change in state or activity of a cell (in terms of movement, secretion, enzyme production, gene expression, etc.) as a result of an ethanol stimulus."	"33.333% (4/12)"	0.008332095	2.08	"Pocillopora_acuta_HIv2___RNAseq.g28741.t1;Pocillopora_acuta_HIv2___RNAseq.g30836.t1;Pocillopora_acuta_HIv2___RNAseq.g4959.t1;Pocillopora_acuta_HIv2___TS.g18947.t1"	"Glycine receptor subunit alpha-1 (Glycine receptor 48 kDa subunit) (Glycine receptor strychnine-binding subunit);Spectrin beta chain, non-erythrocytic 2 (Beta SpIII sigma 1) (Beta-III spectrin) (Glutamate transporter EAAT4-associated protein 41) (SPNB-3) (Spectrin-like protein GTRAP41);Tumor protein p53-inducible nuclear protein 1 (Stress-induced protein) (Thymus-expressed acidic protein) (TEAP) (p53-dependent damage-inducible nuclear protein 1) (p53DINP1);Spectrin beta chain, non-erythrocytic 2 (Beta SpIII sigma 1) (Beta-III spectrin) (Glutamate transporter EAAT4-associated protein 41) (SPNB-3) (Spectrin-like protein GTRAP41)"
"13"	7.02	"GO:0050982"	"detection of mechanical stimulus"	"The series of events by which a mechanical stimulus is received and converted into a molecular signal."	"18.367% (9/49)"	0.00759857	2.12	"Pocillopora_acuta_HIv2___RNAseq.10010_t;Pocillopora_acuta_HIv2___RNAseq.g15159.t1;Pocillopora_acuta_HIv2___RNAseq.g701.t1;Pocillopora_acuta_HIv2___RNAseq.g702.t1;Pocillopora_acuta_HIv2___RNAseq.g710.t1;Pocillopora_acuta_HIv2___RNAseq.g9466.t1;Pocillopora_acuta_HIv2___TS.g15134.t1;Pocillopora_acuta_HIv2___TS.g21857.t1;Pocillopora_acuta_HIv2___TS.g4109.t3"	"Transient receptor potential cation channel subfamily A member 1 (Ankyrin-like with transmembrane domains protein 1) (Transformation-sensitive protein p120) (p120) (Wasabi receptor);Polycystin-1-like protein 2 (Polycystin-1L2) (PC1-like 2 protein) (Polycystic kidney disease protein 1-like 2);Polycystin-2 (Polycystic kidney disease 2 protein homolog);Sperm receptor for egg jelly (suREJ);Polycystin-1-like protein 2 (Polycystin-1L2) (PC1-like 2 protein) (Polycystic kidney disease protein 1-like 2);Transient receptor potential cation channel subfamily A member 1 (Ankyrin-like with transmembrane domains protein 1) (Wasabi receptor);Mechanosensory protein 2;Polycystin-1-like protein 3 (Polycystin-1L3) (PC1-like 3 protein) (Polycystic kidney disease protein 1-like 3);Pejvakin (Autosomal recessive deafness type 59 protein)"
"13"	7.7	"GO:0051693"	"actin filament capping"	"The binding of a protein or protein complex to the end of an actin filament, thus preventing the addition, exchange or removal of further actin subunits."	"25% (7/28)"	0.003065882	2.51	"Pocillopora_acuta_HIv2___RNAseq.g11345.t1;Pocillopora_acuta_HIv2___RNAseq.g11810.t1;Pocillopora_acuta_HIv2___RNAseq.g3051.t1;Pocillopora_acuta_HIv2___RNAseq.g30836.t1;Pocillopora_acuta_HIv2___RNAseq.g3142.t1a;Pocillopora_acuta_HIv2___RNAseq.g3840.t1;Pocillopora_acuta_HIv2___TS.g18947.t1"	"Tropomodulin-1 (Erythrocyte tropomodulin) (E-Tmod);Spectrin beta chain, erythrocytic (Beta-I spectrin);Villin-1;Spectrin beta chain, non-erythrocytic 2 (Beta SpIII sigma 1) (Beta-III spectrin) (Glutamate transporter EAAT4-associated protein 41) (SPNB-3) (Spectrin-like protein GTRAP41);Myotrophin;Advillin (p92);Spectrin beta chain, non-erythrocytic 2 (Beta SpIII sigma 1) (Beta-III spectrin) (Glutamate transporter EAAT4-associated protein 41) (SPNB-3) (Spectrin-like protein GTRAP41)"
"13"	8.58	"GO:0061484"	"hematopoietic stem cell homeostasis"	"Any biological process involved in the maintenance of the steady-state number of hematopoietic stem cells within a population of cells."	"33.333% (4/12)"	0.008332095	2.08	"Pocillopora_acuta_HIv2___RNAseq.g12287.t1;Pocillopora_acuta_HIv2___RNAseq.g12289.t1;Pocillopora_acuta_HIv2___RNAseq.g9334.t1;Pocillopora_acuta_HIv2___TS.g1768.t1"	"Tyrosine-protein phosphatase Lar (EC 3.1.3.48) (Protein-tyrosine-phosphate phosphohydrolase) (dLAR);Tyrosine-protein phosphatase Lar (EC 3.1.3.48) (Protein-tyrosine-phosphate phosphohydrolase) (dLAR);Tyrosine-protein phosphatase Lar (EC 3.1.3.48) (Protein-tyrosine-phosphate phosphohydrolase) (dLAR);Tyrosine-protein phosphatase Lar (EC 3.1.3.48) (Protein-tyrosine-phosphate phosphohydrolase) (dLAR)"
"13"	5.95	"GO:0006874"	"intracellular calcium ion homeostasis"	"A homeostatic process involved in the maintenance of a steady state level of calcium ions within a cell."	"13.492% (17/126)"	0.008896743	2.05	"Pocillopora_acuta_HIv2___RNAseq.10010_t;Pocillopora_acuta_HIv2___RNAseq.g10777.t1;Pocillopora_acuta_HIv2___RNAseq.g12898.t1;Pocillopora_acuta_HIv2___RNAseq.g14871.t1;Pocillopora_acuta_HIv2___RNAseq.g18121.t1;Pocillopora_acuta_HIv2___RNAseq.g1838.t1;Pocillopora_acuta_HIv2___RNAseq.g19392.t1;Pocillopora_acuta_HIv2___RNAseq.g19452.t1;Pocillopora_acuta_HIv2___RNAseq.g24761.t1;Pocillopora_acuta_HIv2___RNAseq.g26672.t1;Pocillopora_acuta_HIv2___RNAseq.g28270.t1;Pocillopora_acuta_HIv2___RNAseq.g4919.t1;Pocillopora_acuta_HIv2___RNAseq.g5755.t1;Pocillopora_acuta_HIv2___RNAseq.g701.t1;Pocillopora_acuta_HIv2___RNAseq.g8093.t1;Pocillopora_acuta_HIv2___RNAseq.g9466.t1;Pocillopora_acuta_HIv2___TS.g14552.t1"	"Transient receptor potential cation channel subfamily A member 1 (Ankyrin-like with transmembrane domains protein 1) (Transformation-sensitive protein p120) (p120) (Wasabi receptor);MICOS complex subunit Mic60 (Mitochondrial inner membrane protein) (Mitofilin);Sodium/potassium/calcium exchanger 4 (Na(+)/K(+)/Ca(2+)-exchange protein 4) (Solute carrier family 24 member 4);Extracellular calcium-sensing receptor (CaSR) (Parathyroid cell calcium-sensing receptor) (PCaR1) (RaKCaR);Sodium/calcium exchanger NCL2 (Na(+)/Ca(2+)-exchange protein NCL2) (OsEFCAX2) (Protein NCX-like 2) (OsNCL2);m-AAA protease-interacting protein 1, mitochondrial (Matrix AAA peptidase-interacting protein 1);1-phosphatidylinositol 4,5-bisphosphate phosphodiesterase eta-2 (EC 3.1.4.11) (Phosphoinositide phospholipase C-eta-2) (Phosphoinositide phospholipase C-like 4) (PLC-L4) (Phospholipase C-like protein 4) (Phospholipase C-eta-2) (PLC-eta2);Oxysterol-binding protein-related protein 2 (ORP-2) (OSBP-related protein 2);Annexin A6 (Annexin VI) (Annexin-6);Neuronal acetylcholine receptor subunit alpha-7;Bcl-2 homologous antagonist/killer (Apoptosis regulator BAK);Ankyrin-2 (ANK-2) (Ankyrin-B) (Brain ankyrin) (Non-erythroid ankyrin);Short transient receptor potential channel 5 (TrpC5) (Capacitative calcium entry channel 2) (CCE2) (Transient receptor protein 5) (TRP-5) (mTRP5) (Trp-related protein 5);Polycystin-2 (Polycystic kidney disease 2 protein homolog);Chromodomain-helicase-DNA-binding protein 7 (CHD-7) (EC 3.6.4.12) (ATP-dependent helicase CHD7);Transient receptor potential cation channel subfamily A member 1 (Ankyrin-like with transmembrane domains protein 1) (Wasabi receptor);Cadherin-23 (Otocadherin)"
