GO.cluster	IC	GO.ID	term	definition	Aboral_elim.genes_frequency	Aboral_elim.pvalue	Aboral_elim.-log10_pvalue	Aboral_elim.Significant_genes	Aboral_elim.Significant_genes_symbol
"1"	6.75	"GO:0005125"	"cytokine activity"	"The activity of a soluble extracellular gene product that interacts with a receptor to effect a change in the activity of the receptor to control the survival, growth, differentiation and effector function of tissues and cells."	"25.714% (9/35)"	3.166251e-06	5.5	"Pocillopora_acuta_HIv2___RNAseq.7335_t;Pocillopora_acuta_HIv2___RNAseq.g12378.t1;Pocillopora_acuta_HIv2___RNAseq.g13857.t1;Pocillopora_acuta_HIv2___RNAseq.g20144.t1;Pocillopora_acuta_HIv2___RNAseq.g27038.t1;Pocillopora_acuta_HIv2___RNAseq.g27039.t1;Pocillopora_acuta_HIv2___RNAseq.g27047.t1;Pocillopora_acuta_HIv2___TS.g18100.t1;Pocillopora_acuta_HIv2___TS.g18104.t1"	"Nodal homolog (Nodal-related protein 1) (Xnr-1) (Xnr1) (nr-1);Metalloproteinase inhibitor 1 (Tissue inhibitor of metalloproteinases 1) (TIMP-1);Bone morphogenetic protein 2 (BMP-2);Growth/differentiation factor 6 (GDF-6) (Bone morphogenetic protein 13) (BMP-13) (Growth/differentiation factor 16);Protein Wnt-7a;Protein Wnt-8b;Protein Wnt-8a;Protein Wnt-8b;Protein Wnt-8b"
"1"	5.73	"GO:0048018"	"receptor ligand activity"	"The activity of a gene product that interacts with a receptor to effect a change in the activity of the receptor. Ligands may be produced by the same cell that expresses the receptor. Ligands may also be expressed at the plasma membrane of an adjacent cell (e.g. Notch ligands) or be secreted and diffuse extracellularly from their point of origin to the receiving cell (e.g. interleukins)."	"19.481% (15/77)"	0.009461934	2.02	"Pocillopora_acuta_HIv2___RNAseq.7335_t;Pocillopora_acuta_HIv2___RNAseq.g12378.t1;Pocillopora_acuta_HIv2___RNAseq.g13857.t1;Pocillopora_acuta_HIv2___RNAseq.g14769.t1;Pocillopora_acuta_HIv2___RNAseq.g15290.t1;Pocillopora_acuta_HIv2___RNAseq.g20144.t1;Pocillopora_acuta_HIv2___RNAseq.g27038.t1;Pocillopora_acuta_HIv2___RNAseq.g27039.t1;Pocillopora_acuta_HIv2___RNAseq.g27047.t1;Pocillopora_acuta_HIv2___RNAseq.g5342.t1;Pocillopora_acuta_HIv2___RNAseq.g7895.t1;Pocillopora_acuta_HIv2___TS.g1462.t1;Pocillopora_acuta_HIv2___TS.g18100.t1;Pocillopora_acuta_HIv2___TS.g18104.t1;Pocillopora_acuta_HIv2___TS.g18622.t1b"	"Nodal homolog (Nodal-related protein 1) (Xnr-1) (Xnr1) (nr-1);Metalloproteinase inhibitor 1 (Tissue inhibitor of metalloproteinases 1) (TIMP-1);Bone morphogenetic protein 2 (BMP-2);Fibrillin-2 [Cleaved into: Placensin];Prothrombin (EC 3.4.21.5) (Coagulation factor II) [Cleaved into: Activation peptide fragment 1; Activation peptide fragment 2; Thrombin light chain; Thrombin heavy chain];Growth/differentiation factor 6 (GDF-6) (Bone morphogenetic protein 13) (BMP-13) (Growth/differentiation factor 16);Protein Wnt-7a;Protein Wnt-8b;Protein Wnt-8a;Protein jagged-1 (Jagged1) (hJ1) (CD antigen CD339);Protein jagged-1 (Jagged1) (CD antigen CD339);Fibrillin-1 (MP340) [Cleaved into: Asprosin];Protein Wnt-8b;Protein Wnt-8b;Agrin [Cleaved into: Agrin N-terminal 110 kDa subunit; Agrin C-terminal 110 kDa subunit; Agrin C-terminal 90 kDa fragment (C90); Agrin C-terminal 22 kDa fragment (C22)]"
"1"	6.91	"GO:0008083"	"growth factor activity"	"The function that stimulates a cell to grow or proliferate. Most growth factors have other actions besides the induction of cell growth or proliferation."	"20% (6/30)"	0.0006412634	3.19	"Pocillopora_acuta_HIv2___RNAseq.7335_t;Pocillopora_acuta_HIv2___RNAseq.g12378.t1;Pocillopora_acuta_HIv2___RNAseq.g13857.t1;Pocillopora_acuta_HIv2___RNAseq.g15290.t1;Pocillopora_acuta_HIv2___RNAseq.g20144.t1;Pocillopora_acuta_HIv2___RNAseq.g5342.t1"	"Nodal homolog (Nodal-related protein 1) (Xnr-1) (Xnr1) (nr-1);Metalloproteinase inhibitor 1 (Tissue inhibitor of metalloproteinases 1) (TIMP-1);Bone morphogenetic protein 2 (BMP-2);Prothrombin (EC 3.4.21.5) (Coagulation factor II) [Cleaved into: Activation peptide fragment 1; Activation peptide fragment 2; Thrombin light chain; Thrombin heavy chain];Growth/differentiation factor 6 (GDF-6) (Bone morphogenetic protein 13) (BMP-13) (Growth/differentiation factor 16);Protein jagged-1 (Jagged1) (hJ1) (CD antigen CD339)"
"2"	6.38	"GO:0005507"	"copper ion binding"	"Binding to a copper (Cu) ion."	"16% (8/50)"	0.0004090389	3.39	"Pocillopora_acuta_HIv2___RNAseq.g13784.t1;Pocillopora_acuta_HIv2___RNAseq.g21518.t1;Pocillopora_acuta_HIv2___RNAseq.g2165.t1;Pocillopora_acuta_HIv2___RNAseq.g22559.t1;Pocillopora_acuta_HIv2___RNAseq.g27566.t1;Pocillopora_acuta_HIv2___RNAseq.g30215.t1;Pocillopora_acuta_HIv2___RNAseq.g4785.t1;Pocillopora_acuta_HIv2___RNAseq.g4791.t1"	"Tyrosinase (EC 1.14.18.1) (Monophenol monooxygenase);Diamine oxidase [copper-containing] (Diamine oxidase) (EC 1.4.3.22) (Amine oxidase copper domain-containing protein 1) (Histaminase);DBH-like monooxygenase protein 1 (EC 1.14.17.-) (DBH-related protein) (Monooxygenase X);Coagulation factor V (Activated protein C cofactor) [Cleaved into: Coagulation factor V heavy chain; Coagulation factor V light chain];Hephaestin-like protein (EC 1.-.-.-);Coagulation factor V (Activated protein C cofactor) [Cleaved into: Coagulation factor V heavy chain; Coagulation factor V light chain];Coagulation factor VIII (Procoagulant component);Coagulation factor VIII (Procoagulant component)"
"2"	3.98	"GO:0005509"	"calcium ion binding"	"Binding to a calcium ion (Ca2+)."	"11.807% (66/559)"	4.018841e-18	17.4	"Pocillopora_acuta_HIv2___RNAseq.10263_t;Pocillopora_acuta_HIv2___RNAseq.21012_t;Pocillopora_acuta_HIv2___RNAseq.21015_t;Pocillopora_acuta_HIv2___RNAseq.2533_t;Pocillopora_acuta_HIv2___RNAseq.26508_t;Pocillopora_acuta_HIv2___RNAseq.820_t;Pocillopora_acuta_HIv2___RNAseq.g10343.t1;Pocillopora_acuta_HIv2___RNAseq.g1075.t1;Pocillopora_acuta_HIv2___RNAseq.g1127.t2;Pocillopora_acuta_HIv2___RNAseq.g11876.t1;Pocillopora_acuta_HIv2___RNAseq.g12987.t1;Pocillopora_acuta_HIv2___RNAseq.g13823.t1;Pocillopora_acuta_HIv2___RNAseq.g14253.t1;Pocillopora_acuta_HIv2___RNAseq.g14769.t1;Pocillopora_acuta_HIv2___RNAseq.g15290.t1;Pocillopora_acuta_HIv2___RNAseq.g15698.t1;Pocillopora_acuta_HIv2___RNAseq.g15699.t1;Pocillopora_acuta_HIv2___RNAseq.g1638.t1;Pocillopora_acuta_HIv2___RNAseq.g16484.t1;Pocillopora_acuta_HIv2___RNAseq.g17517.t1;Pocillopora_acuta_HIv2___RNAseq.g17519.t1;Pocillopora_acuta_HIv2___RNAseq.g19085.t1;Pocillopora_acuta_HIv2___RNAseq.g21032.t1;Pocillopora_acuta_HIv2___RNAseq.g22527.t1;Pocillopora_acuta_HIv2___RNAseq.g23178.t1;Pocillopora_acuta_HIv2___RNAseq.g23210.t1;Pocillopora_acuta_HIv2___RNAseq.g24040.t1;Pocillopora_acuta_HIv2___RNAseq.g24688.t1;Pocillopora_acuta_HIv2___RNAseq.g25351.t1;Pocillopora_acuta_HIv2___RNAseq.g27031.t1;Pocillopora_acuta_HIv2___RNAseq.g2716.t1;Pocillopora_acuta_HIv2___RNAseq.g28109.t1;Pocillopora_acuta_HIv2___RNAseq.g28226.t2;Pocillopora_acuta_HIv2___RNAseq.g28502.t1;Pocillopora_acuta_HIv2___RNAseq.g28504.t1;Pocillopora_acuta_HIv2___RNAseq.g28800.t1;Pocillopora_acuta_HIv2___RNAseq.g28818.t1;Pocillopora_acuta_HIv2___RNAseq.g28910.t1;Pocillopora_acuta_HIv2___RNAseq.g28911.t1;Pocillopora_acuta_HIv2___RNAseq.g28971.t1a;Pocillopora_acuta_HIv2___RNAseq.g30322.t1;Pocillopora_acuta_HIv2___RNAseq.g30806.t1;Pocillopora_acuta_HIv2___RNAseq.g3515.t1;Pocillopora_acuta_HIv2___RNAseq.g3780.t1;Pocillopora_acuta_HIv2___RNAseq.g3826.t1;Pocillopora_acuta_HIv2___RNAseq.g5342.t1;Pocillopora_acuta_HIv2___RNAseq.g5388.t1;Pocillopora_acuta_HIv2___RNAseq.g7895.t1;Pocillopora_acuta_HIv2___RNAseq.g8148.t1;Pocillopora_acuta_HIv2___RNAseq.g8914.t1;Pocillopora_acuta_HIv2___RNAseq.g8916.t1;Pocillopora_acuta_HIv2___RNAseq.g9049.t1;Pocillopora_acuta_HIv2___TS.g11002.t4;Pocillopora_acuta_HIv2___TS.g12453.t2;Pocillopora_acuta_HIv2___TS.g1462.t1;Pocillopora_acuta_HIv2___TS.g15590.t1;Pocillopora_acuta_HIv2___TS.g18622.t1b;Pocillopora_acuta_HIv2___TS.g23602.t1;Pocillopora_acuta_HIv2___TS.g23673.t1;Pocillopora_acuta_HIv2___TS.g24743.t1;Pocillopora_acuta_HIv2___TS.g30706.t1;Pocillopora_acuta_HIv2___TS.g4835.t2;Pocillopora_acuta_HIv2___TS.g5115.t2;Pocillopora_acuta_HIv2___TS.g5308.t2;Pocillopora_acuta_HIv2___TS.g5338.t1;Pocillopora_acuta_HIv2___TS.g8258.t1"	"Extracellular sulfatase Sulf-2 (hSulf-2) (Arylsulfatase) (EC 3.1.6.1) (N-acetylglucosamine-6-sulfatase) (EC 3.1.6.14) [Cleaved into: Extracellular sulfatase Sulf-2 secreted form];Mannan-binding lectin serine protease 1 (EC 3.4.21.-) (Complement factor MASP-3) (Complement-activating component of Ra-reactive factor) (Mannose-binding lectin-associated serine protease 1) (MASP-1) (Mannose-binding protein-associated serine protease) (Ra-reactive factor serine protease p100) (RaRF) (Serine protease 5) [Cleaved into: Mannan-binding lectin serine protease 1 heavy chain; Mannan-binding lectin serine protease 1 light chain];Coagulation factor IX (EC 3.4.21.22) (Christmas factor) [Cleaved into: Coagulation factor IXa light chain; Coagulation factor IXa heavy chain];Hemicentin-1 (Fibulin-6) (FIBL-6);Signal peptide, CUB and EGF-like domain-containing protein 2 (Protein CEGP1) (Scube/You);Maternal embryonic leucine zipper kinase (MELK) (EC 2.7.11.1) (Protein kinase Eg3) (pEg3 kinase);Protocadherin Fat 3 (FAT tumor suppressor homolog 3);SPARC-related modular calcium-binding protein 2 (Secreted modular calcium-binding protein 2) (SMOC-2) (Smooth muscle-associated protein 2) (SMAP-2);Oncoprotein-induced transcript 3 protein (Liver-specific zona pellucida domain-containing protein);Mucin-like protein;Protocadherin Fat 4 (hFat4) (Cadherin family member 14) (FAT tumor suppressor homolog 4) (Fat-like cadherin protein FAT-J);Mucin-like protein;Hemicentin-1 (Fibulin-6) (FIBL-6);Fibrillin-2 [Cleaved into: Placensin];Prothrombin (EC 3.4.21.5) (Coagulation factor II) [Cleaved into: Activation peptide fragment 1; Activation peptide fragment 2; Thrombin light chain; Thrombin heavy chain];Myosin-2 essential light chain (Myosin II essential light chain) (Non-muscle myosin essential light chain);Myosin-2 essential light chain (Myosin II essential light chain) (Non-muscle myosin essential light chain);Fibropellin-1 (Epidermal growth factor-related protein 1) (Fibropellin-I) (SpEGF I) (UEGF-1);Tyrosine kinase receptor Cad96Ca (EC 2.7.10.1) (Cadherin-96Ca) (Tyrosine kinase receptor HD-14);Tyrosine kinase receptor Cad96Ca (EC 2.7.10.1) (Cadherin-96Ca) (Tyrosine kinase receptor HD-14);Tyrosine kinase receptor Cad96Ca (EC 2.7.10.1) (Cadherin-96Ca) (Tyrosine kinase receptor HD-14);Halomucin;Protein naked cuticle homolog 2-like (Naked-2-like) (Protein naked cuticle homolog 2-B) (Naked-2B);Tolloid-like protein 1 (EC 3.4.24.-) (Chicken tolloid-like protein 1) (Metalloprotease colloid);Hemicentin-2;Hemicentin-2;Synaptotagmin-3 (Synaptotagmin III) (SytIII);Neurexin-1 (Neurexin I-alpha) (Neurexin-1-alpha);Mammalian ependymin-related protein 1 (MERP-1);Dystonin (Bullous pemphigoid antigen 1) (BPA) (Dystonia musculorum protein) (Hemidesmosomal plaque protein) (Microtubule actin cross-linking factor 2);Plastin-3 (T-plastin);Fibulin-2 (FIBL-2);Neurogenic locus Notch protein [Cleaved into: Processed neurogenic locus Notch protein];Mucin-like protein;Matrilin-4 (MAT-4);Matrilin-3;Synaptotagmin-10 (Synaptotagmin X) (SytX);Matrilin-2;Fibrillin-3 [Cleaved into: Fibrillin-3 C-terminal peptide];Uromodulin (Tamm-Horsfall urinary glycoprotein) (THP) [Cleaved into: Uromodulin, secreted form];Mannan-binding lectin serine protease 1 (EC 3.4.21.-) (Complement factor MASP-3) (Complement-activating component of Ra-reactive factor) (Mannose-binding lectin-associated serine protease 1) (MASP-1) (Mannose-binding protein-associated serine protease) (Ra-reactive factor serine protease p100) (RaRF) (Serine protease 5) [Cleaved into: Mannan-binding lectin serine protease 1 heavy chain; Mannan-binding lectin serine protease 1 light chain];Transmembrane prolyl 4-hydroxylase (P4H-TM) (EC 1.14.11.29) (Hypoxia-inducible factor prolyl hydroxylase 4) (HIF-PH4) (HIF-prolyl hydroxylase 4) (HPH-4);Epidermal growth factor receptor substrate 15-like 1 (Eps15-related protein) (Eps15R);Protein kinase C-binding protein NELL1 (NEL-like protein 1);Testican-2 (SPARC/osteonectin, CWCV, and Kazal-like domains proteoglycan 2);Protein jagged-1 (Jagged1) (hJ1) (CD antigen CD339);Hemicentin-1 (Fibulin-6) (FIBL-6);Protein jagged-1 (Jagged1) (CD antigen CD339);Hemicentin-1 (Fibulin-6) (FIBL-6);Low-density lipoprotein receptor-related protein 4 (LRP-4) (Multiple epidermal growth factor-like domains 7);Low-density lipoprotein receptor-related protein 4 (LRP-4) (Multiple epidermal growth factor-like domains 7);Allograft inflammatory factor 1 (AIF-1) (Ionized calcium-binding adapter molecule 1) (Protein G1);Neurogenic locus Notch protein [Cleaved into: Processed neurogenic locus Notch protein];Matrilin-2;Fibrillin-1 (MP340) [Cleaved into: Asprosin];Hemicentin-1 (Fibulin-6) (FIBL-6);Agrin [Cleaved into: Agrin N-terminal 110 kDa subunit; Agrin C-terminal 110 kDa subunit; Agrin C-terminal 90 kDa fragment (C90); Agrin C-terminal 22 kDa fragment (C22)];Protocadherin Fat 4 (FAT tumor suppressor homolog 4) (Fat-like cadherin protein FAT-J);Signal peptide, CUB and EGF-like domain-containing protein 3;Hemicentin-2;Cadherin-related tumor suppressor (Protein fat) [Cleaved into: Ft-mito];Microtubule-actin cross-linking factor 1, isoforms 6/7 (Uncharacterized protein KIAA0754);Aggrecan core protein (Cartilage-specific proteoglycan core protein) (CSPCP);Tyrosine kinase receptor Cad96Ca (EC 2.7.10.1) (Cadherin-96Ca) (Tyrosine kinase receptor HD-14);Collagenase 3 (EC 3.4.24.-) (Matrix metalloproteinase-13) (MMP-13);Hemicentin-2"
"3"	6.94	"GO:0005109"	"frizzled binding"	"Binding to a frizzled (fz) receptor."	"20.69% (6/29)"	0.0005290573	3.28	"Pocillopora_acuta_HIv2___RNAseq.g17508.t1b;Pocillopora_acuta_HIv2___RNAseq.g27038.t1;Pocillopora_acuta_HIv2___RNAseq.g27039.t1;Pocillopora_acuta_HIv2___RNAseq.g27047.t1;Pocillopora_acuta_HIv2___TS.g18100.t1;Pocillopora_acuta_HIv2___TS.g18104.t1"	"Collagen triple helix repeat-containing protein 1;Protein Wnt-7a;Protein Wnt-8b;Protein Wnt-8a;Protein Wnt-8b;Protein Wnt-8b"
"3"	6.67	"GO:0050840"	"extracellular matrix binding"	"Binding to a component of the extracellular matrix."	"16.216% (6/37)"	0.002024999	2.69	"Pocillopora_acuta_HIv2___RNAseq.g1075.t1;Pocillopora_acuta_HIv2___RNAseq.g28109.t1;Pocillopora_acuta_HIv2___RNAseq.g29795.t1;Pocillopora_acuta_HIv2___RNAseq.g3826.t1;Pocillopora_acuta_HIv2___TS.g10825.t1;Pocillopora_acuta_HIv2___TS.g14528.t1a"	"SPARC-related modular calcium-binding protein 2 (Secreted modular calcium-binding protein 2) (SMOC-2) (Smooth muscle-associated protein 2) (SMAP-2);Fibulin-2 (FIBL-2);Zonadhesin;Testican-2 (SPARC/osteonectin, CWCV, and Kazal-like domains proteoglycan 2);Thrombospondin type-1 domain-containing protein 1 (Transmembrane molecule with thrombospondin module);Peroxidasin homolog (EC 1.11.2.-) (Melanoma-associated antigen MG50) (Peroxidasin 1) (hsPxd01) (Vascular peroxidase 1) (p53-responsive gene 2 protein) [Cleaved into: PXDN active fragment]"
"3"	6.27	"GO:0002020"	"protease binding"	"Binding to a protease or a peptidase."	"16.071% (9/56)"	0.0001727003	3.76	"Pocillopora_acuta_HIv2___RNAseq.g12374.t1;Pocillopora_acuta_HIv2___RNAseq.g12378.t1;Pocillopora_acuta_HIv2___RNAseq.g26200.t1;Pocillopora_acuta_HIv2___RNAseq.g28794.t1;Pocillopora_acuta_HIv2___RNAseq.g28803.t1b;Pocillopora_acuta_HIv2___RNAseq.g30027.t1;Pocillopora_acuta_HIv2___TS.g1350.t1;Pocillopora_acuta_HIv2___TS.g15832.t1;Pocillopora_acuta_HIv2___TS.g23133.t3"	"Tissue inhibitor of metalloproteinase;Metalloproteinase inhibitor 1 (Tissue inhibitor of metalloproteinases 1) (TIMP-1);Collagen alpha-2(I) chain (Alpha-2 type I collagen);Collagen alpha-2(I) chain (Alpha-2 type I collagen);Collagen alpha-2(I) chain (Alpha-2 type I collagen);Metalloproteinase inhibitor 4 (Tissue inhibitor of metalloproteinases 4) (TIMP-4);Collagen alpha-2(I) chain (Alpha-2 type I collagen);Collagen alpha-2(I) chain (Alpha-2 type I collagen);Pregnancy zone protein (Alpha-2-macroglobulin) (Alpha-2-M) [Cleaved into: Alpha-2-macroglobulin 165 kDa subunit; Alpha-2-macroglobulin 35 kDa subunit]"
"3"	8.36	"GO:0048407"	"platelet-derived growth factor binding"	"Binding to platelet-derived growth factor."	"71.429% (5/7)"	1.24834e-06	5.9	"Pocillopora_acuta_HIv2___RNAseq.g26200.t1;Pocillopora_acuta_HIv2___RNAseq.g28794.t1;Pocillopora_acuta_HIv2___RNAseq.g28803.t1b;Pocillopora_acuta_HIv2___TS.g1350.t1;Pocillopora_acuta_HIv2___TS.g15832.t1"	"Collagen alpha-2(I) chain (Alpha-2 type I collagen);Collagen alpha-2(I) chain (Alpha-2 type I collagen);Collagen alpha-2(I) chain (Alpha-2 type I collagen);Collagen alpha-2(I) chain (Alpha-2 type I collagen);Collagen alpha-2(I) chain (Alpha-2 type I collagen)"
"3"	5.89	"GO:0019838"	"growth factor binding"	"Binding to a growth factor, proteins or polypeptides that stimulate a cell or organism to grow or proliferate."	"17.808% (13/73)"	0.002412101	2.62	"Pocillopora_acuta_HIv2___RNAseq.g10385.t1;Pocillopora_acuta_HIv2___RNAseq.g10557.t1;Pocillopora_acuta_HIv2___RNAseq.g26200.t1;Pocillopora_acuta_HIv2___RNAseq.g28794.t1;Pocillopora_acuta_HIv2___RNAseq.g28803.t1b;Pocillopora_acuta_HIv2___RNAseq.g802.t1;Pocillopora_acuta_HIv2___TS.g1350.t1;Pocillopora_acuta_HIv2___TS.g14528.t1a;Pocillopora_acuta_HIv2___TS.g15832.t1;Pocillopora_acuta_HIv2___TS.g18622.t1b;Pocillopora_acuta_HIv2___TS.g23133.t3;Pocillopora_acuta_HIv2___TS.g28528.t1b;Pocillopora_acuta_HIv2___TS.g5006.t1b"	"Fibroblast growth factor receptor-like 1 (FGF receptor-like protein 1) (FGF homologous factor receptor) (FGFR-like protein) (Fibroblast growth factor receptor 5) (FGFR-5);Fibroblast growth factor receptor-like 1;Collagen alpha-2(I) chain (Alpha-2 type I collagen);Collagen alpha-2(I) chain (Alpha-2 type I collagen);Collagen alpha-2(I) chain (Alpha-2 type I collagen);Fibroblast growth factor receptor 1-A (FGFR-1-A) (bFGF-R-1-A) (EC 2.7.10.1) (Basic fibroblast growth factor receptor 1-A);Collagen alpha-2(I) chain (Alpha-2 type I collagen);Peroxidasin homolog (EC 1.11.2.-) (Melanoma-associated antigen MG50) (Peroxidasin 1) (hsPxd01) (Vascular peroxidase 1) (p53-responsive gene 2 protein) [Cleaved into: PXDN active fragment];Collagen alpha-2(I) chain (Alpha-2 type I collagen);Agrin [Cleaved into: Agrin N-terminal 110 kDa subunit; Agrin C-terminal 110 kDa subunit; Agrin C-terminal 90 kDa fragment (C90); Agrin C-terminal 22 kDa fragment (C22)];Pregnancy zone protein (Alpha-2-macroglobulin) (Alpha-2-M) [Cleaved into: Alpha-2-macroglobulin 165 kDa subunit; Alpha-2-macroglobulin 35 kDa subunit];Fibroblast growth factor receptor 3 (FGFR-3) (EC 2.7.10.1) (Tyrosine kinase receptor CEK2);Fibroblast growth factor receptor 1-A (FGFR-1-A) (bFGF-R-1-A) (EC 2.7.10.1) (Basic fibroblast growth factor receptor 1-A)"
"4"	8.01	"GO:0045545"	"syndecan binding"	"Binding to syndecan, an integral membrane proteoglycan (250-300 kDa) associated largely with epithelial cells."	"30% (3/10)"	0.004787253	2.32	"Pocillopora_acuta_HIv2___RNAseq.g21477.t1;Pocillopora_acuta_HIv2___RNAseq.g21479.t1;Pocillopora_acuta_HIv2___RNAseq.g21481.t1"	"Tenascin (TN) (Cytotactin) (GMEM) (GP 150-225) (Glioma-associated-extracellular matrix antigen) (Hexabrachion) (JI) (Myotendinous antigen) (Neuronectin) (Tenascin-C) (TN-C);Tenascin (TN) (Cytotactin) (GMEM) (GP 150-225) (Glioma-associated-extracellular matrix antigen) (Hexabrachion) (JI) (Myotendinous antigen) (Neuronectin) (Tenascin-C) (TN-C);Tenascin (TN) (Cytotactin) (GMEM) (GP 150-225) (Glioma-associated-extracellular matrix antigen) (Hexabrachion) (JI) (Myotendinous antigen) (Neuronectin) (Tenascin-C) (TN-C)"
"4"	6.84	"GO:0043394"	"proteoglycan binding"	"Binding to a proteoglycan, any glycoprotein in which the carbohydrate units are glycosaminoglycans."	"25% (7/28)"	0.00346233	2.46	"Pocillopora_acuta_HIv2___RNAseq.g12258.t1;Pocillopora_acuta_HIv2___RNAseq.g12281.t1;Pocillopora_acuta_HIv2___RNAseq.g21477.t1;Pocillopora_acuta_HIv2___RNAseq.g21479.t1;Pocillopora_acuta_HIv2___RNAseq.g21481.t1;Pocillopora_acuta_HIv2___RNAseq.g26979.t1;Pocillopora_acuta_HIv2___TS.g18622.t1b"	"Receptor-type tyrosine-protein phosphatase S (R-PTP-S) (EC 3.1.3.48) (Chick receptor tyrosine phosphatase alpha) (CRYP alpha) (CRYPalpha);Receptor-type tyrosine-protein phosphatase F (EC 3.1.3.48) (Leukocyte common antigen related) (LAR);Tenascin (TN) (Cytotactin) (GMEM) (GP 150-225) (Glioma-associated-extracellular matrix antigen) (Hexabrachion) (JI) (Myotendinous antigen) (Neuronectin) (Tenascin-C) (TN-C);Tenascin (TN) (Cytotactin) (GMEM) (GP 150-225) (Glioma-associated-extracellular matrix antigen) (Hexabrachion) (JI) (Myotendinous antigen) (Neuronectin) (Tenascin-C) (TN-C);Tenascin (TN) (Cytotactin) (GMEM) (GP 150-225) (Glioma-associated-extracellular matrix antigen) (Hexabrachion) (JI) (Myotendinous antigen) (Neuronectin) (Tenascin-C) (TN-C);Cathepsin B (EC 3.4.22.1) (Cathepsin B1) [Cleaved into: Cathepsin B light chain; Cathepsin B heavy chain];Agrin [Cleaved into: Agrin N-terminal 110 kDa subunit; Agrin C-terminal 110 kDa subunit; Agrin C-terminal 90 kDa fragment (C90); Agrin C-terminal 22 kDa fragment (C22)]"
"5"	5.65	"GO:0005539"	"glycosaminoglycan binding"	"Binding to a glycan (polysaccharide) containing a substantial proportion of aminomonosaccharide residues."	"15.385% (16/104)"	0.001103398	2.96	"Pocillopora_acuta_HIv2___RNAseq.10263_t;Pocillopora_acuta_HIv2___RNAseq.g10385.t1;Pocillopora_acuta_HIv2___RNAseq.g10557.t1;Pocillopora_acuta_HIv2___RNAseq.g1075.t1;Pocillopora_acuta_HIv2___RNAseq.g12258.t1;Pocillopora_acuta_HIv2___RNAseq.g12281.t1;Pocillopora_acuta_HIv2___RNAseq.g15290.t1;Pocillopora_acuta_HIv2___RNAseq.g21518.t1;Pocillopora_acuta_HIv2___RNAseq.g28196.t1;Pocillopora_acuta_HIv2___RNAseq.g3780.t1;Pocillopora_acuta_HIv2___RNAseq.g3826.t1;Pocillopora_acuta_HIv2___RNAseq.g802.t1;Pocillopora_acuta_HIv2___TS.g1462.t1;Pocillopora_acuta_HIv2___TS.g18622.t1b;Pocillopora_acuta_HIv2___TS.g5006.t1b;Pocillopora_acuta_HIv2___TS.g5115.t2"	"Extracellular sulfatase Sulf-2 (hSulf-2) (Arylsulfatase) (EC 3.1.6.1) (N-acetylglucosamine-6-sulfatase) (EC 3.1.6.14) [Cleaved into: Extracellular sulfatase Sulf-2 secreted form];Fibroblast growth factor receptor-like 1 (FGF receptor-like protein 1) (FGF homologous factor receptor) (FGFR-like protein) (Fibroblast growth factor receptor 5) (FGFR-5);Fibroblast growth factor receptor-like 1;SPARC-related modular calcium-binding protein 2 (Secreted modular calcium-binding protein 2) (SMOC-2) (Smooth muscle-associated protein 2) (SMAP-2);Receptor-type tyrosine-protein phosphatase S (R-PTP-S) (EC 3.1.3.48) (Chick receptor tyrosine phosphatase alpha) (CRYP alpha) (CRYPalpha);Receptor-type tyrosine-protein phosphatase F (EC 3.1.3.48) (Leukocyte common antigen related) (LAR);Prothrombin (EC 3.4.21.5) (Coagulation factor II) [Cleaved into: Activation peptide fragment 1; Activation peptide fragment 2; Thrombin light chain; Thrombin heavy chain];Diamine oxidase [copper-containing] (Diamine oxidase) (EC 1.4.3.22) (Amine oxidase copper domain-containing protein 1) (Histaminase);Aggrecan core protein (Cartilage-specific proteoglycan core protein) (CSPCP) (Chondroitin sulfate proteoglycan core protein 1) (Chondroitin sulfate proteoglycan 1) [Cleaved into: Aggrecan core protein 2];Protein kinase C-binding protein NELL1 (NEL-like protein 1);Testican-2 (SPARC/osteonectin, CWCV, and Kazal-like domains proteoglycan 2);Fibroblast growth factor receptor 1-A (FGFR-1-A) (bFGF-R-1-A) (EC 2.7.10.1) (Basic fibroblast growth factor receptor 1-A);Fibrillin-1 (MP340) [Cleaved into: Asprosin];Agrin [Cleaved into: Agrin N-terminal 110 kDa subunit; Agrin C-terminal 110 kDa subunit; Agrin C-terminal 90 kDa fragment (C90); Agrin C-terminal 22 kDa fragment (C22)];Fibroblast growth factor receptor 1-A (FGFR-1-A) (bFGF-R-1-A) (EC 2.7.10.1) (Basic fibroblast growth factor receptor 1-A);Aggrecan core protein (Cartilage-specific proteoglycan core protein) (CSPCP)"
"5"	5.91	"GO:0008201"	"heparin binding"	"Binding to heparin, a member of a group of glycosaminoglycans found mainly as an intracellular component of mast cells and which consist predominantly of alternating alpha-(1->4)-linked D-galactose and N-acetyl-D-glucosamine-6-sulfate residues."	"13.58% (11/81)"	0.000160875	3.79	"Pocillopora_acuta_HIv2___RNAseq.g10385.t1;Pocillopora_acuta_HIv2___RNAseq.g10557.t1;Pocillopora_acuta_HIv2___RNAseq.g1075.t1;Pocillopora_acuta_HIv2___RNAseq.g12258.t1;Pocillopora_acuta_HIv2___RNAseq.g12281.t1;Pocillopora_acuta_HIv2___RNAseq.g15290.t1;Pocillopora_acuta_HIv2___RNAseq.g21518.t1;Pocillopora_acuta_HIv2___RNAseq.g3780.t1;Pocillopora_acuta_HIv2___RNAseq.g802.t1;Pocillopora_acuta_HIv2___TS.g1462.t1;Pocillopora_acuta_HIv2___TS.g5006.t1b"	"Fibroblast growth factor receptor-like 1 (FGF receptor-like protein 1) (FGF homologous factor receptor) (FGFR-like protein) (Fibroblast growth factor receptor 5) (FGFR-5);Fibroblast growth factor receptor-like 1;SPARC-related modular calcium-binding protein 2 (Secreted modular calcium-binding protein 2) (SMOC-2) (Smooth muscle-associated protein 2) (SMAP-2);Receptor-type tyrosine-protein phosphatase S (R-PTP-S) (EC 3.1.3.48) (Chick receptor tyrosine phosphatase alpha) (CRYP alpha) (CRYPalpha);Receptor-type tyrosine-protein phosphatase F (EC 3.1.3.48) (Leukocyte common antigen related) (LAR);Prothrombin (EC 3.4.21.5) (Coagulation factor II) [Cleaved into: Activation peptide fragment 1; Activation peptide fragment 2; Thrombin light chain; Thrombin heavy chain];Diamine oxidase [copper-containing] (Diamine oxidase) (EC 1.4.3.22) (Amine oxidase copper domain-containing protein 1) (Histaminase);Protein kinase C-binding protein NELL1 (NEL-like protein 1);Fibroblast growth factor receptor 1-A (FGFR-1-A) (bFGF-R-1-A) (EC 2.7.10.1) (Basic fibroblast growth factor receptor 1-A);Fibrillin-1 (MP340) [Cleaved into: Asprosin];Fibroblast growth factor receptor 1-A (FGFR-1-A) (bFGF-R-1-A) (EC 2.7.10.1) (Basic fibroblast growth factor receptor 1-A)"
"6"	8.7	"GO:0016505"	"peptidase activator activity involved in apoptotic process"	"Binds to and increases the activity of a peptidase that is involved in the apoptotic process."	"60% (3/5)"	0.000457361	3.34	"Pocillopora_acuta_HIv2___RNAseq.g21967.t1;Pocillopora_acuta_HIv2___RNAseq.g8098.t1;Pocillopora_acuta_HIv2___TS.g7062.t1"	"Dipeptidyl peptidase 1 (EC 3.4.14.1) (Cathepsin C) (Cathepsin J) (Dipeptidyl peptidase I) (DPP-I) (DPPI) (Dipeptidyl transferase) [Cleaved into: Dipeptidyl peptidase 1 exclusion domain chain (Dipeptidyl peptidase I exclusion domain chain); Dipeptidyl peptidase 1 heavy chain (Dipeptidyl peptidase I heavy chain); Dipeptidyl peptidase 1 light chain (Dipeptidyl peptidase I light chain)];Cathepsin L1 (EC 3.4.22.15) (Cysteine proteinase 1) [Cleaved into: Cathepsin L heavy chain; Cathepsin L light chain];Dipeptidyl peptidase 1 (EC 3.4.14.1) (Cathepsin C) (Cathepsin J) (Dipeptidyl peptidase I) (DPP-I) (DPPI) (Dipeptidyl transferase) [Cleaved into: Dipeptidyl peptidase 1 exclusion domain chain (Dipeptidyl peptidase I exclusion domain chain); Dipeptidyl peptidase 1 heavy chain (Dipeptidyl peptidase I heavy chain); Dipeptidyl peptidase 1 light chain (Dipeptidyl peptidase I light chain)]"
"6"	6.21	"GO:0004866"	"endopeptidase inhibitor activity"	"Binds to and stops, prevents or reduces the activity of an endopeptidase."	"18.868% (10/53)"	0.001064877	2.97	"Pocillopora_acuta_HIv2___RNAseq.g12374.t1;Pocillopora_acuta_HIv2___RNAseq.g12378.t1;Pocillopora_acuta_HIv2___RNAseq.g24766.t1;Pocillopora_acuta_HIv2___RNAseq.g28195.t1;Pocillopora_acuta_HIv2___RNAseq.g30027.t1;Pocillopora_acuta_HIv2___RNAseq.g31347.t1;Pocillopora_acuta_HIv2___RNAseq.g8821.t1;Pocillopora_acuta_HIv2___RNAseq.g8922.t1;Pocillopora_acuta_HIv2___TS.g23133.t3;Pocillopora_acuta_HIv2___TS.g23144.t1"	"Tissue inhibitor of metalloproteinase;Metalloproteinase inhibitor 1 (Tissue inhibitor of metalloproteinases 1) (TIMP-1);Papilin;Serine protease inhibitor dipetalogastin (Dipetalin);Metalloproteinase inhibitor 4 (Tissue inhibitor of metalloproteinases 4) (TIMP-4);Equistatin (EI) (Cysteine proteinase inhibitor);Complement C3 [Cleaved into: Complement C3 beta chain; C3-beta-c (C3bc) (Neutrophil chemotactic factor-2) (ENCF-2); Complement C3 alpha chain; C3a anaphylatoxin (Neutrophil chemotactic factor-1) (ENCF-1); Acylation stimulating protein (ASP) (C3adesArg); Complement C3b alpha' chain; Complement C3c alpha' chain fragment 1; Complement C3dg fragment; Complement C3g fragment; Complement C3d fragment; Complement C3f fragment; Complement C3c alpha' chain fragment 2];Complement C3 [Cleaved into: Complement C3 beta chain; Complement C3 alpha chain; C3a anaphylatoxin; Complement C3 gamma chain];Pregnancy zone protein (Alpha-2-macroglobulin) (Alpha-2-M) [Cleaved into: Alpha-2-macroglobulin 165 kDa subunit; Alpha-2-macroglobulin 35 kDa subunit];Complement C3 [Cleaved into: Complement C3 beta chain; Complement C3 alpha chain; C3a anaphylatoxin; Complement C3 gamma chain]"
"6"	8.23	"GO:0008191"	"metalloendopeptidase inhibitor activity"	"Binds to and stops, prevents or reduces the activity of metalloendopeptidases, enzymes that catalyze the hydrolysis of nonterminal peptide bonds in a polypeptide chain and contain a chelated metal ion at their active sites which is essential to their catalytic activity."	"37.5% (3/8)"	0.002359221	2.63	"Pocillopora_acuta_HIv2___RNAseq.g12374.t1;Pocillopora_acuta_HIv2___RNAseq.g12378.t1;Pocillopora_acuta_HIv2___RNAseq.g30027.t1"	"Tissue inhibitor of metalloproteinase;Metalloproteinase inhibitor 1 (Tissue inhibitor of metalloproteinases 1) (TIMP-1);Metalloproteinase inhibitor 4 (Tissue inhibitor of metalloproteinases 4) (TIMP-4)"
"7"	5.91	"GO:0004725"	"protein tyrosine phosphatase activity"	"Catalysis of the reaction: protein tyrosine phosphate + H2O = protein tyrosine + phosphate."	"11.29% (7/62)"	0.007138701	2.15	"Pocillopora_acuta_HIv2___RNAseq.g12258.t1;Pocillopora_acuta_HIv2___RNAseq.g12272.t1;Pocillopora_acuta_HIv2___RNAseq.g12278.t1;Pocillopora_acuta_HIv2___RNAseq.g12281.t1;Pocillopora_acuta_HIv2___RNAseq.g9253.t1;Pocillopora_acuta_HIv2___TS.g30914.t1;Pocillopora_acuta_HIv2___TS.g3265.t1"	"Receptor-type tyrosine-protein phosphatase S (R-PTP-S) (EC 3.1.3.48) (Chick receptor tyrosine phosphatase alpha) (CRYP alpha) (CRYPalpha);Receptor-type tyrosine-protein phosphatase alpha (Protein-tyrosine phosphatase alpha) (R-PTP-alpha) (EC 3.1.3.48) (LCA-related phosphatase) (PTPTY-28);Receptor-type tyrosine-protein phosphatase alpha (Protein-tyrosine phosphatase alpha) (R-PTP-alpha) (EC 3.1.3.48) (LCA-related phosphatase) (PTPTY-28);Receptor-type tyrosine-protein phosphatase F (EC 3.1.3.48) (Leukocyte common antigen related) (LAR);Receptor-type tyrosine-protein phosphatase delta (Protein-tyrosine phosphatase delta) (R-PTP-delta) (EC 3.1.3.48);Receptor-type tyrosine-protein phosphatase delta (Protein-tyrosine phosphatase delta) (R-PTP-delta) (EC 3.1.3.48);Receptor-type tyrosine-protein phosphatase delta (Protein-tyrosine phosphatase delta) (R-PTP-delta) (EC 3.1.3.48)"
"7"	6.1	"GO:0004252"	"serine-type endopeptidase activity"	"Catalysis of the hydrolysis of internal, alpha-peptide bonds in a polypeptide chain by a catalytic mechanism that involves a catalytic triad consisting of a serine nucleophile that is activated by a proton relay involving an acidic residue (e.g. aspartate or glutamate) and a basic residue (usually histidine)."	"19.403% (13/67)"	6.958938e-07	6.16	"Pocillopora_acuta_HIv2___RNAseq.21012_t;Pocillopora_acuta_HIv2___RNAseq.21015_t;Pocillopora_acuta_HIv2___RNAseq.g13818.t1;Pocillopora_acuta_HIv2___RNAseq.g15290.t1;Pocillopora_acuta_HIv2___RNAseq.g21967.t1;Pocillopora_acuta_HIv2___RNAseq.g28450.t1;Pocillopora_acuta_HIv2___RNAseq.g30322.t1;Pocillopora_acuta_HIv2___RNAseq.g8820.t1;Pocillopora_acuta_HIv2___RNAseq.g9068.t1;Pocillopora_acuta_HIv2___RNAseq.g9084.t1;Pocillopora_acuta_HIv2___RNAseq.g9098.t1;Pocillopora_acuta_HIv2___TS.g5338.t1;Pocillopora_acuta_HIv2___TS.g7062.t1"	"Mannan-binding lectin serine protease 1 (EC 3.4.21.-) (Complement factor MASP-3) (Complement-activating component of Ra-reactive factor) (Mannose-binding lectin-associated serine protease 1) (MASP-1) (Mannose-binding protein-associated serine protease) (Ra-reactive factor serine protease p100) (RaRF) (Serine protease 5) [Cleaved into: Mannan-binding lectin serine protease 1 heavy chain; Mannan-binding lectin serine protease 1 light chain];Coagulation factor IX (EC 3.4.21.22) (Christmas factor) [Cleaved into: Coagulation factor IXa light chain; Coagulation factor IXa heavy chain];Serine protease 23 (EC 3.4.21.-) (Putative secreted protein Zsig13);Prothrombin (EC 3.4.21.5) (Coagulation factor II) [Cleaved into: Activation peptide fragment 1; Activation peptide fragment 2; Thrombin light chain; Thrombin heavy chain];Dipeptidyl peptidase 1 (EC 3.4.14.1) (Cathepsin C) (Cathepsin J) (Dipeptidyl peptidase I) (DPP-I) (DPPI) (Dipeptidyl transferase) [Cleaved into: Dipeptidyl peptidase 1 exclusion domain chain (Dipeptidyl peptidase I exclusion domain chain); Dipeptidyl peptidase 1 heavy chain (Dipeptidyl peptidase I heavy chain); Dipeptidyl peptidase 1 light chain (Dipeptidyl peptidase I light chain)];Trypsin-3 (EC 3.4.21.4) (Trypsin III);Mannan-binding lectin serine protease 1 (EC 3.4.21.-) (Complement factor MASP-3) (Complement-activating component of Ra-reactive factor) (Mannose-binding lectin-associated serine protease 1) (MASP-1) (Mannose-binding protein-associated serine protease) (Ra-reactive factor serine protease p100) (RaRF) (Serine protease 5) [Cleaved into: Mannan-binding lectin serine protease 1 heavy chain; Mannan-binding lectin serine protease 1 light chain];Complement C2 (EC 3.4.21.43) (C3/C5 convertase) [Cleaved into: Complement C2b fragment; Complement C2a fragment];Complement factor B (EC 3.4.21.47) (C3/C5 convertase) [Cleaved into: Complement factor B Ba fragment; Complement factor B Bb fragment];Complement C2 (EC 3.4.21.43) (C3/C5 convertase) [Cleaved into: Complement C2b fragment; Complement C2a fragment];Transmembrane protease serine 11D (EC 3.4.21.-) (Airway trypsin-like protease) [Cleaved into: Transmembrane protease serine 11D non-catalytic chain; Transmembrane protease serine 11D catalytic chain];Collagenase 3 (EC 3.4.24.-) (Matrix metalloproteinase-13) (MMP-13);Dipeptidyl peptidase 1 (EC 3.4.14.1) (Cathepsin C) (Cathepsin J) (Dipeptidyl peptidase I) (DPP-I) (DPPI) (Dipeptidyl transferase) [Cleaved into: Dipeptidyl peptidase 1 exclusion domain chain (Dipeptidyl peptidase I exclusion domain chain); Dipeptidyl peptidase 1 heavy chain (Dipeptidyl peptidase I heavy chain); Dipeptidyl peptidase 1 light chain (Dipeptidyl peptidase I light chain)]"
"7"	5.57	"GO:0004222"	"metalloendopeptidase activity"	"Catalysis of the hydrolysis of internal, alpha-peptide bonds in a polypeptide chain by a mechanism in which water acts as a nucleophile, one or two metal ions hold the water molecule in place, and charged amino acid side chains are ligands for the metal ions."	"10% (11/110)"	0.002209501	2.66	"Pocillopora_acuta_HIv2___RNAseq.g19284.t1;Pocillopora_acuta_HIv2___RNAseq.g22527.t1;Pocillopora_acuta_HIv2___RNAseq.g22572.t1;Pocillopora_acuta_HIv2___RNAseq.g24896.t1;Pocillopora_acuta_HIv2___RNAseq.g24899.t1;Pocillopora_acuta_HIv2___RNAseq.g30235.t1;Pocillopora_acuta_HIv2___RNAseq.g8587.t1;Pocillopora_acuta_HIv2___RNAseq.g9118.t1;Pocillopora_acuta_HIv2___TS.g13882.t1c;Pocillopora_acuta_HIv2___TS.g5338.t1;Pocillopora_acuta_HIv2___TS.g8967.t1"	"Matrix metalloproteinase-16 (MMP-16) (EC 3.4.24.-) (Membrane-type matrix metalloproteinase 3) (MT-MMP 3) (MTMMP3) (Membrane-type-3 matrix metalloproteinase) (MT3-MMP) (MT3MMP);Tolloid-like protein 1 (EC 3.4.24.-) (Chicken tolloid-like protein 1) (Metalloprotease colloid);Zinc metalloproteinase nas-15 (EC 3.4.24.-) (Nematode astacin 15);Matrix metalloproteinase-16 (MMP-16) (EC 3.4.24.-) (MMP-X2) (Membrane-type matrix metalloproteinase 3) (MT-MMP 3) (MTMMP3) (Membrane-type-3 matrix metalloproteinase) (MT3-MMP) (MT3MMP);Matrix metalloproteinase-17 (MMP-17) (EC 3.4.24.-) (Membrane-type matrix metalloproteinase 4) (MT-MMP 4) (MTMMP4) (Membrane-type-4 matrix metalloproteinase) (MT4-MMP) (MT4MMP);Zinc metalloproteinase nas-15 (EC 3.4.24.-) (Nematode astacin 15);Zinc metalloproteinase nas-14 (EC 3.4.24.-) (Nematode astacin 14);Pappalysin-1 (EC 3.4.24.79) (Insulin-like growth factor-dependent IGF-binding protein 4 protease) (IGF-dependent IGFBP-4 protease) (IGFBP-4ase) (Pregnancy-associated plasma protein A) (PAPP-A);Zinc metalloproteinase nas-13 (EC 3.4.24.-) (Nematode astacin 13);Collagenase 3 (EC 3.4.24.-) (Matrix metalloproteinase-13) (MMP-13);Extracellular protease (EC 3.4.24.-)"
"8"	8.23	"GO:0047822"	"hypotaurine monooxygenase activity"	"Catalysis of the reaction: H+ + hypotaurine + NADPH + O2 = H2O + NADP+ + taurine."	"37.5% (3/8)"	0.002359221	2.63	"Pocillopora_acuta_HIv2___RNAseq.20930_t;Pocillopora_acuta_HIv2___RNAseq.g8978.t1;Pocillopora_acuta_HIv2___RNAseq.g8980.t1"	"Trimethylamine monooxygenase (TMA monooxygenase) (Tmm) (EC 1.14.13.148);Trimethylamine monooxygenase (TMA monooxygenase) (Tmm) (EC 1.14.13.148);Trimethylamine monooxygenase (TMA monooxygenase) (Tmm) (EC 1.14.13.148)"
"8"	8.23	"GO:0004499"	"N,N-dimethylaniline monooxygenase activity"	"Catalysis of the reaction: N,N-dimethylaniline + NADPH + H+ + O2 = N,N-dimethylaniline N-oxide + NADP+ + H2O."	"37.5% (3/8)"	0.002359221	2.63	"Pocillopora_acuta_HIv2___RNAseq.20930_t;Pocillopora_acuta_HIv2___RNAseq.g8978.t1;Pocillopora_acuta_HIv2___RNAseq.g8980.t1"	"Trimethylamine monooxygenase (TMA monooxygenase) (Tmm) (EC 1.14.13.148);Trimethylamine monooxygenase (TMA monooxygenase) (Tmm) (EC 1.14.13.148);Trimethylamine monooxygenase (TMA monooxygenase) (Tmm) (EC 1.14.13.148)"
"8"	8.52	"GO:0034899"	"trimethylamine monooxygenase activity"	"Catalysis of the reaction: N,N,N-trimethylamine + NADPH + H+ + O2 = N,N,N-trimethylamine N-oxide + NADP+ + H2O."	"50% (3/6)"	0.000889968	3.05	"Pocillopora_acuta_HIv2___RNAseq.20930_t;Pocillopora_acuta_HIv2___RNAseq.g8978.t1;Pocillopora_acuta_HIv2___RNAseq.g8980.t1"	"Trimethylamine monooxygenase (TMA monooxygenase) (Tmm) (EC 1.14.13.148);Trimethylamine monooxygenase (TMA monooxygenase) (Tmm) (EC 1.14.13.148);Trimethylamine monooxygenase (TMA monooxygenase) (Tmm) (EC 1.14.13.148)"
"9"	5.74	"GO:0005201"	"extracellular matrix structural constituent"	"The action of a molecule that contributes to the structural integrity of the extracellular matrix."	"28.723% (27/94)"	1.093965e-11	10.96	"Pocillopora_acuta_HIv2___RNAseq.2533_t;Pocillopora_acuta_HIv2___RNAseq.g14253.t1;Pocillopora_acuta_HIv2___RNAseq.g14769.t1;Pocillopora_acuta_HIv2___RNAseq.g21477.t1;Pocillopora_acuta_HIv2___RNAseq.g21479.t1;Pocillopora_acuta_HIv2___RNAseq.g21481.t1;Pocillopora_acuta_HIv2___RNAseq.g22638.t1;Pocillopora_acuta_HIv2___RNAseq.g23886.t1;Pocillopora_acuta_HIv2___RNAseq.g24766.t1;Pocillopora_acuta_HIv2___RNAseq.g26200.t1;Pocillopora_acuta_HIv2___RNAseq.g28196.t1;Pocillopora_acuta_HIv2___RNAseq.g28794.t1;Pocillopora_acuta_HIv2___RNAseq.g28803.t1b;Pocillopora_acuta_HIv2___RNAseq.g28910.t1;Pocillopora_acuta_HIv2___RNAseq.g28911.t1;Pocillopora_acuta_HIv2___RNAseq.g8148.t1;Pocillopora_acuta_HIv2___TS.g12846.t1;Pocillopora_acuta_HIv2___TS.g1340.t1b;Pocillopora_acuta_HIv2___TS.g1350.t1;Pocillopora_acuta_HIv2___TS.g1359.t1;Pocillopora_acuta_HIv2___TS.g14528.t1a;Pocillopora_acuta_HIv2___TS.g1462.t1;Pocillopora_acuta_HIv2___TS.g15590.t1;Pocillopora_acuta_HIv2___TS.g15832.t1;Pocillopora_acuta_HIv2___TS.g17199.t1;Pocillopora_acuta_HIv2___TS.g23178.t1;Pocillopora_acuta_HIv2___TS.g24066.t1"	"Hemicentin-1 (Fibulin-6) (FIBL-6);Hemicentin-1 (Fibulin-6) (FIBL-6);Fibrillin-2 [Cleaved into: Placensin];Tenascin (TN) (Cytotactin) (GMEM) (GP 150-225) (Glioma-associated-extracellular matrix antigen) (Hexabrachion) (JI) (Myotendinous antigen) (Neuronectin) (Tenascin-C) (TN-C);Tenascin (TN) (Cytotactin) (GMEM) (GP 150-225) (Glioma-associated-extracellular matrix antigen) (Hexabrachion) (JI) (Myotendinous antigen) (Neuronectin) (Tenascin-C) (TN-C);Tenascin (TN) (Cytotactin) (GMEM) (GP 150-225) (Glioma-associated-extracellular matrix antigen) (Hexabrachion) (JI) (Myotendinous antigen) (Neuronectin) (Tenascin-C) (TN-C);Collagen alpha-1(IV) chain (Collagen type IV alpha 1);Laminin subunit beta-1 (Laminin B1 chain) (Laminin-1 subunit beta) (Laminin-10 subunit beta) (Laminin-12 subunit beta) (Laminin-2 subunit beta) (Laminin-6 subunit beta) (Laminin-8 subunit beta);Papilin;Collagen alpha-2(I) chain (Alpha-2 type I collagen);Aggrecan core protein (Cartilage-specific proteoglycan core protein) (CSPCP) (Chondroitin sulfate proteoglycan core protein 1) (Chondroitin sulfate proteoglycan 1) [Cleaved into: Aggrecan core protein 2];Collagen alpha-2(I) chain (Alpha-2 type I collagen);Collagen alpha-2(I) chain (Alpha-2 type I collagen);Matrilin-2;Fibrillin-3 [Cleaved into: Fibrillin-3 C-terminal peptide];Hemicentin-1 (Fibulin-6) (FIBL-6);Collagen alpha-1(XVII) chain (180 kDa bullous pemphigoid antigen 2) (Bullous pemphigoid antigen 2) [Cleaved into: 120 kDa linear IgA disease antigen homolog];Collagen alpha-2(I) chain (Alpha-2 type I collagen);Collagen alpha-2(I) chain (Alpha-2 type I collagen);Collagen alpha chain;Peroxidasin homolog (EC 1.11.2.-) (Melanoma-associated antigen MG50) (Peroxidasin 1) (hsPxd01) (Vascular peroxidase 1) (p53-responsive gene 2 protein) [Cleaved into: PXDN active fragment];Fibrillin-1 (MP340) [Cleaved into: Asprosin];Hemicentin-1 (Fibulin-6) (FIBL-6);Collagen alpha-2(I) chain (Alpha-2 type I collagen);Laminin subunit alpha-1 (Laminin A chain) (Laminin-1 subunit alpha) (Laminin-3 subunit alpha) (S-laminin subunit alpha) (S-LAM alpha);Collagen alpha-1(XXVII) chain B;Collagen alpha-2(IV) chain"
"9"	6.75	"GO:0030020"	"extracellular matrix structural constituent conferring tensile strength"	"A constituent of the extracellular matrix that enables the matrix to resist longitudinal stress."	"28.571% (10/35)"	3.005204e-07	6.52	"Pocillopora_acuta_HIv2___RNAseq.g22638.t1;Pocillopora_acuta_HIv2___RNAseq.g26200.t1;Pocillopora_acuta_HIv2___RNAseq.g28794.t1;Pocillopora_acuta_HIv2___RNAseq.g28803.t1b;Pocillopora_acuta_HIv2___TS.g12846.t1;Pocillopora_acuta_HIv2___TS.g1340.t1b;Pocillopora_acuta_HIv2___TS.g1350.t1;Pocillopora_acuta_HIv2___TS.g15832.t1;Pocillopora_acuta_HIv2___TS.g23178.t1;Pocillopora_acuta_HIv2___TS.g24066.t1"	"Collagen alpha-1(IV) chain (Collagen type IV alpha 1);Collagen alpha-2(I) chain (Alpha-2 type I collagen);Collagen alpha-2(I) chain (Alpha-2 type I collagen);Collagen alpha-2(I) chain (Alpha-2 type I collagen);Collagen alpha-1(XVII) chain (180 kDa bullous pemphigoid antigen 2) (Bullous pemphigoid antigen 2) [Cleaved into: 120 kDa linear IgA disease antigen homolog];Collagen alpha-2(I) chain (Alpha-2 type I collagen);Collagen alpha-2(I) chain (Alpha-2 type I collagen);Collagen alpha-2(I) chain (Alpha-2 type I collagen);Collagen alpha-1(XXVII) chain B;Collagen alpha-2(IV) chain"
"10"	6.91	"GO:0005007"	"fibroblast growth factor receptor activity"	"Combining with a fibroblast growth factor receptor ligand and transmitting the signal across the plasma membrane to initiate a change in cell activity."	"16.667% (5/30)"	0.004237091	2.37	"Pocillopora_acuta_HIv2___RNAseq.g10385.t1;Pocillopora_acuta_HIv2___RNAseq.g10557.t1;Pocillopora_acuta_HIv2___RNAseq.g802.t1;Pocillopora_acuta_HIv2___TS.g28528.t1b;Pocillopora_acuta_HIv2___TS.g5006.t1b"	"Fibroblast growth factor receptor-like 1 (FGF receptor-like protein 1) (FGF homologous factor receptor) (FGFR-like protein) (Fibroblast growth factor receptor 5) (FGFR-5);Fibroblast growth factor receptor-like 1;Fibroblast growth factor receptor 1-A (FGFR-1-A) (bFGF-R-1-A) (EC 2.7.10.1) (Basic fibroblast growth factor receptor 1-A);Fibroblast growth factor receptor 3 (FGFR-3) (EC 2.7.10.1) (Tyrosine kinase receptor CEK2);Fibroblast growth factor receptor 1-A (FGFR-1-A) (bFGF-R-1-A) (EC 2.7.10.1) (Basic fibroblast growth factor receptor 1-A)"
"10"	7.31	"GO:0008046"	"axon guidance receptor activity"	"Combining with an extracellular messenger and transmitting the signal from one side of the membrane to the other to results in a change in cellular activity involved in axon guidance."	"35% (7/20)"	4.188954e-06	5.38	"Pocillopora_acuta_HIv2___RNAseq.g23178.t1;Pocillopora_acuta_HIv2___RNAseq.g23210.t1;Pocillopora_acuta_HIv2___RNAseq.g29143.t2;Pocillopora_acuta_HIv2___RNAseq.g5181.t1;Pocillopora_acuta_HIv2___RNAseq.g682.t1;Pocillopora_acuta_HIv2___TS.g24743.t1;Pocillopora_acuta_HIv2___TS.g8258.t1"	"Hemicentin-2;Hemicentin-2;Roundabout homolog 2;Roundabout homolog 2;Roundabout homolog 1;Hemicentin-2;Hemicentin-2"
"10"	3.53	"GO:0038023"	"signaling receptor activity"	"Receiving a signal and transmitting it in the cell to initiate a change in cell activity. A signal is a physical entity or change in state that is used to transfer information in order to trigger a response."	"7.261% (44/606)"	0.004322441	2.36	"Pocillopora_acuta_HIv2___RNAseq.g10378.t1;Pocillopora_acuta_HIv2___RNAseq.g10385.t1;Pocillopora_acuta_HIv2___RNAseq.g10557.t1;Pocillopora_acuta_HIv2___RNAseq.g10855.t1;Pocillopora_acuta_HIv2___RNAseq.g12088.t1;Pocillopora_acuta_HIv2___RNAseq.g12281.t1;Pocillopora_acuta_HIv2___RNAseq.g12306.t1;Pocillopora_acuta_HIv2___RNAseq.g15290.t1;Pocillopora_acuta_HIv2___RNAseq.g15948.t1;Pocillopora_acuta_HIv2___RNAseq.g15953.t1;Pocillopora_acuta_HIv2___RNAseq.g16484.t1;Pocillopora_acuta_HIv2___RNAseq.g17517.t1;Pocillopora_acuta_HIv2___RNAseq.g17519.t1;Pocillopora_acuta_HIv2___RNAseq.g23178.t1;Pocillopora_acuta_HIv2___RNAseq.g23210.t1;Pocillopora_acuta_HIv2___RNAseq.g24196.t1;Pocillopora_acuta_HIv2___RNAseq.g24413.t1;Pocillopora_acuta_HIv2___RNAseq.g24688.t1;Pocillopora_acuta_HIv2___RNAseq.g26057.t1;Pocillopora_acuta_HIv2___RNAseq.g28226.t2;Pocillopora_acuta_HIv2___RNAseq.g29143.t2;Pocillopora_acuta_HIv2___RNAseq.g30377.t2;Pocillopora_acuta_HIv2___RNAseq.g3094.t1;Pocillopora_acuta_HIv2___RNAseq.g4073.t1;Pocillopora_acuta_HIv2___RNAseq.g434.t1;Pocillopora_acuta_HIv2___RNAseq.g5181.t1;Pocillopora_acuta_HIv2___RNAseq.g562.t1;Pocillopora_acuta_HIv2___RNAseq.g565.t1;Pocillopora_acuta_HIv2___RNAseq.g682.t1;Pocillopora_acuta_HIv2___RNAseq.g775.t1;Pocillopora_acuta_HIv2___RNAseq.g802.t1;Pocillopora_acuta_HIv2___RNAseq.g8670.t1;Pocillopora_acuta_HIv2___RNAseq.g8914.t1;Pocillopora_acuta_HIv2___RNAseq.g8916.t1;Pocillopora_acuta_HIv2___TS.g11002.t4;Pocillopora_acuta_HIv2___TS.g13017.t1;Pocillopora_acuta_HIv2___TS.g24743.t1;Pocillopora_acuta_HIv2___TS.g28528.t1a;Pocillopora_acuta_HIv2___TS.g28528.t1b;Pocillopora_acuta_HIv2___TS.g5006.t1b;Pocillopora_acuta_HIv2___TS.g5308.t2;Pocillopora_acuta_HIv2___TS.g5618.t1;Pocillopora_acuta_HIv2___TS.g8131.t1;Pocillopora_acuta_HIv2___TS.g8258.t1"	"Macrophage mannose receptor 1 (MMR) (C-type lectin domain family 13 member D) (C-type lectin domain family 13 member D-like) (Human mannose receptor) (hMR) (Macrophage mannose receptor 1-like protein 1) (CD antigen CD206);Fibroblast growth factor receptor-like 1 (FGF receptor-like protein 1) (FGF homologous factor receptor) (FGFR-like protein) (Fibroblast growth factor receptor 5) (FGFR-5);Fibroblast growth factor receptor-like 1;Adrenocorticotropic hormone receptor (ACTH receptor) (ACTH-R) (Adrenocorticotropin receptor) (Melanocortin receptor 2) (MC2-R);Neuropeptide FF receptor 2 (G-protein coupled receptor 74) (Neuropeptide G-protein coupled receptor);Receptor-type tyrosine-protein phosphatase F (EC 3.1.3.48) (Leukocyte common antigen related) (LAR);Adhesion G-protein coupled receptor G4 (G-protein coupled receptor 112);Prothrombin (EC 3.4.21.5) (Coagulation factor II) [Cleaved into: Activation peptide fragment 1; Activation peptide fragment 2; Thrombin light chain; Thrombin heavy chain];Trace amine-associated receptor 1 (TaR-1) (Trace amine receptor 1);Trace amine-associated receptor 1 (TaR-1) (Trace amine receptor 1);Tyrosine kinase receptor Cad96Ca (EC 2.7.10.1) (Cadherin-96Ca) (Tyrosine kinase receptor HD-14);Tyrosine kinase receptor Cad96Ca (EC 2.7.10.1) (Cadherin-96Ca) (Tyrosine kinase receptor HD-14);Tyrosine kinase receptor Cad96Ca (EC 2.7.10.1) (Cadherin-96Ca) (Tyrosine kinase receptor HD-14);Hemicentin-2;Hemicentin-2;Adrenocorticotropic hormone receptor (ACTH receptor) (ACTH-R) (Adrenocorticotropin receptor) (Melanocortin receptor 2) (MC2-R);Toll-like receptor 2 (CD antigen CD282);Neurexin-1 (Neurexin I-alpha) (Neurexin-1-alpha);Pyroglutamylated RF-amide peptide receptor (AQ27) (G-protein coupled receptor 103) (Orexigenic neuropeptide QRFP receptor) (SP9155);Neurogenic locus Notch protein [Cleaved into: Processed neurogenic locus Notch protein];Roundabout homolog 2;Rhodopsin, GQ-coupled (GQ-rhodopsin);Melatonin receptor type 1C (Mel-1C-R) (Mel1c receptor) (CKB);Histamine H2 receptor (H2R) (HH2R) (Gastric receptor I);Frizzled-5 (Fz-5) (Xfz5);Roundabout homolog 2;Frizzled-5 (Fz-5);Frizzled-5 (Fz-5) (hFz5) (FzE5);Roundabout homolog 1;Neuropeptide FF receptor 2 (G-protein coupled receptor 74) (Neuropeptide NPFF receptor);Fibroblast growth factor receptor 1-A (FGFR-1-A) (bFGF-R-1-A) (EC 2.7.10.1) (Basic fibroblast growth factor receptor 1-A);Riboflavin-binding protein (RBP) [Cleaved into: Riboflavin-binding protein, plasma form; Riboflavin-binding protein, yolk major form; Riboflavin-binding protein, yolk minor form];Low-density lipoprotein receptor-related protein 4 (LRP-4) (Multiple epidermal growth factor-like domains 7);Low-density lipoprotein receptor-related protein 4 (LRP-4) (Multiple epidermal growth factor-like domains 7);Neurogenic locus Notch protein [Cleaved into: Processed neurogenic locus Notch protein];Aryl hydrocarbon receptor (Ah receptor) (AhR);Hemicentin-2;C-type mannose receptor 2 (C-type lectin domain family 13 member E) (Endocytic receptor 180) (Macrophage mannose receptor 2) (Urokinase-type plasminogen activator receptor-associated protein) (UPAR-associated protein) (Urokinase receptor-associated protein) (CD antigen CD280);Fibroblast growth factor receptor 3 (FGFR-3) (EC 2.7.10.1) (Tyrosine kinase receptor CEK2);Fibroblast growth factor receptor 1-A (FGFR-1-A) (bFGF-R-1-A) (EC 2.7.10.1) (Basic fibroblast growth factor receptor 1-A);Tyrosine kinase receptor Cad96Ca (EC 2.7.10.1) (Cadherin-96Ca) (Tyrosine kinase receptor HD-14);Scavenger receptor cysteine-rich domain-containing protein DMBT1 (Deleted in malignant brain tumors 1 protein) (Glycoprotein 340) (Gp-340) (Hensin) (Salivary agglutinin) (SAG) (Surfactant pulmonary-associated D-binding protein);Metabotropic glycine receptor (mGlyR) (G-protein coupled receptor 158);Hemicentin-2"
