GO.ID	term	definition	Oral_elim.genes_frequency	Oral_elim.pvalue	Oral_elim.-log10_pvalue	Oral_elim.Significant_genes	Oral_elim.Significant_genes_symbol
"GO:0005544"	"calcium-dependent phospholipid binding"	"Binding to a phospholipid, a class of lipids containing phosphoric acid as a mono- or diester, in the presence of calcium."	"24.242% (8/33)"	0.002981299	2.53	"Pocillopora_acuta_HIv2___RNAseq.30415_t;Pocillopora_acuta_HIv2___RNAseq.g13403.t1;Pocillopora_acuta_HIv2___RNAseq.g24760.t1;Pocillopora_acuta_HIv2___RNAseq.g24761.t1;Pocillopora_acuta_HIv2___RNAseq.g2827.t1;Pocillopora_acuta_HIv2___RNAseq.g28815.t1;Pocillopora_acuta_HIv2___RNAseq.g4028.t1;Pocillopora_acuta_HIv2___RNAseq.g4031.t1c"	"Synaptotagmin-10 (Synaptotagmin X) (SytX);Synaptotagmin-9 (Synaptotagmin IX) (SytIX);Cytosolic phospholipase A2 (cPLA2) (Phospholipase A2 group IVA) [Includes: Phospholipase A2 (EC 3.1.1.4) (Phosphatidylcholine 2-acylhydrolase); Lysophospholipase (EC 3.1.1.5)];Annexin A6 (Annexin VI) (Annexin-6);Synaptotagmin-7 (IPCA-7) (Prostate cancer-associated protein 7) (Synaptotagmin VII) (SytVII);Synaptotagmin-1 (Synaptotagmin I) (SytI);Synaptotagmin-7 (IPCA-7) (Prostate cancer-associated protein 7) (Synaptotagmin VII) (SytVII);Synaptotagmin-1 (Synaptotagmin I) (SytI)"
"GO:0016831"	"carboxy-lyase activity"	"Catalysis of the nonhydrolytic addition or removal of a carboxyl group to or from a compound."	"23.333% (7/30)"	0.006741485	2.17	"Pocillopora_acuta_HIv2___RNAseq.g10736.t1;Pocillopora_acuta_HIv2___RNAseq.g10739.t1;Pocillopora_acuta_HIv2___RNAseq.g11785.t1;Pocillopora_acuta_HIv2___RNAseq.g25727.t1;Pocillopora_acuta_HIv2___RNAseq.g26474.t1a;Pocillopora_acuta_HIv2___RNAseq.g28641.t1;Pocillopora_acuta_HIv2___RNAseq.g29828.t1"	"Decarboxylase iboD (EC 4.1.1.-) (Ibotenic acid biosynthesis cluster protein D);Decarboxylase iboD (EC 4.1.1.-) (Ibotenic acid biosynthesis cluster protein D);S-adenosylmethionine decarboxylase proenzyme (AdoMetDC) (SAMDC) (EC 4.1.1.50) [Cleaved into: S-adenosylmethionine decarboxylase alpha chain; S-adenosylmethionine decarboxylase beta chain];Phosphonopyruvate decarboxylase (PnPy decarboxylase) (EC 4.1.1.82);Ornithine decarboxylase (ODC) (EC 4.1.1.17);Protein TabA;L-tyrosine decarboxylase (TDC) (EC 4.1.1.25)"
"GO:0022824"	"transmitter-gated monoatomic ion channel activity"	"Enables the transmembrane transfer of an ion by a channel that opens when a specific neurotransmitter has been bound by the channel complex or one of its constituent parts."	"26.923% (7/26)"	0.002854206	2.54	"Pocillopora_acuta_HIv2___RNAseq.g11916.t1;Pocillopora_acuta_HIv2___RNAseq.g21572.t1a;Pocillopora_acuta_HIv2___RNAseq.g26672.t1;Pocillopora_acuta_HIv2___RNAseq.g27413.t1;Pocillopora_acuta_HIv2___RNAseq.g28202.t1;Pocillopora_acuta_HIv2___RNAseq.g28741.t1;Pocillopora_acuta_HIv2___TS.g14960.t2"	"Neuronal acetylcholine receptor subunit alpha-10 (Alpha 10 nAChR) (Nicotinic acetylcholine receptor subunit alpha-10) (NACHR alpha-10);Gamma-aminobutyric acid receptor subunit beta-3 (GABA(A) receptor subunit beta-3) (GABAAR subunit beta-3);Neuronal acetylcholine receptor subunit alpha-7;Gamma-aminobutyric acid receptor subunit beta-3 (GABA(A) receptor subunit beta-3) (GABAAR subunit beta-3);Neuronal acetylcholine receptor subunit beta-3;Glycine receptor subunit alpha-1 (Glycine receptor 48 kDa subunit) (Glycine receptor strychnine-binding subunit);Glutamate receptor ionotropic, kainate 2 (GluK2) (Glutamate receptor 6) (GluR-6) (GluR6)"
"GO:0005272"	"sodium channel activity"	"Enables the energy-independent facilitated diffusion of a sodium ion through a transmembrane aqueous pore or channel."	"21.875% (7/32)"	0.00974295	2.01	"Pocillopora_acuta_HIv2___RNAseq.g24029.t1;Pocillopora_acuta_HIv2___RNAseq.g29670.t2;Pocillopora_acuta_HIv2___RNAseq.g701.t1;Pocillopora_acuta_HIv2___TS.g14960.t2;Pocillopora_acuta_HIv2___TS.g15134.t1;Pocillopora_acuta_HIv2___TS.g16172.t3;Pocillopora_acuta_HIv2___TS.g21128.t1"	"Amiloride-sensitive sodium channel subunit alpha (Alpha-NaCH) (Epithelial Na(+) channel subunit alpha) (Alpha-ENaC) (Nonvoltage-gated sodium channel 1 subunit alpha) (SCNEA);Cyclic nucleotide-gated channel alpha-3 (CNG channel alpha-3) (CNG-3) (CNG3) (Cone photoreceptor cGMP-gated channel subunit alpha-3);Polycystin-2 (Polycystic kidney disease 2 protein homolog);Glutamate receptor ionotropic, kainate 2 (GluK2) (Glutamate receptor 6) (GluR-6) (GluR6);Mechanosensory protein 2;Sodium channel protein 1 brain (Sodium channel protein I brain);Sodium channel protein type 4 subunit alpha B (Voltage-gated sodium channel subunit alpha Nav1.4b)"
"GO:0005509"	"calcium ion binding"	"Binding to a calcium ion (Ca2+)."	"15.385% (86/559)"	2.158639e-10	9.67	"Pocillopora_acuta_HIv2___RNAseq.30415_t;Pocillopora_acuta_HIv2___RNAseq.6093_tb;Pocillopora_acuta_HIv2___RNAseq.g10475.t1;Pocillopora_acuta_HIv2___RNAseq.g11580.t1;Pocillopora_acuta_HIv2___RNAseq.g11588.t1;Pocillopora_acuta_HIv2___RNAseq.g12286.t1;Pocillopora_acuta_HIv2___RNAseq.g12290.t1;Pocillopora_acuta_HIv2___RNAseq.g12292.t1;Pocillopora_acuta_HIv2___RNAseq.g12617.t1;Pocillopora_acuta_HIv2___RNAseq.g13403.t1;Pocillopora_acuta_HIv2___RNAseq.g13576.t1;Pocillopora_acuta_HIv2___RNAseq.g13977.t1;Pocillopora_acuta_HIv2___RNAseq.g14640.t1;Pocillopora_acuta_HIv2___RNAseq.g14871.t1;Pocillopora_acuta_HIv2___RNAseq.g15159.t1;Pocillopora_acuta_HIv2___RNAseq.g15567.t1;Pocillopora_acuta_HIv2___RNAseq.g16486.t1;Pocillopora_acuta_HIv2___RNAseq.g16948.t1;Pocillopora_acuta_HIv2___RNAseq.g18121.t1;Pocillopora_acuta_HIv2___RNAseq.g18214.t1;Pocillopora_acuta_HIv2___RNAseq.g19312.t1;Pocillopora_acuta_HIv2___RNAseq.g19392.t1;Pocillopora_acuta_HIv2___RNAseq.g19600.t1;Pocillopora_acuta_HIv2___RNAseq.g20232.t1;Pocillopora_acuta_HIv2___RNAseq.g2384.t1;Pocillopora_acuta_HIv2___RNAseq.g24120.t1;Pocillopora_acuta_HIv2___RNAseq.g24760.t1;Pocillopora_acuta_HIv2___RNAseq.g24761.t1;Pocillopora_acuta_HIv2___RNAseq.g25003.t1;Pocillopora_acuta_HIv2___RNAseq.g25934.t1;Pocillopora_acuta_HIv2___RNAseq.g26118.t1;Pocillopora_acuta_HIv2___RNAseq.g26596.t1;Pocillopora_acuta_HIv2___RNAseq.g26613.t1;Pocillopora_acuta_HIv2___RNAseq.g26782.t1;Pocillopora_acuta_HIv2___RNAseq.g27399.t1;Pocillopora_acuta_HIv2___RNAseq.g28025.t1;Pocillopora_acuta_HIv2___RNAseq.g2813.t4;Pocillopora_acuta_HIv2___RNAseq.g28227.t1;Pocillopora_acuta_HIv2___RNAseq.g2827.t1;Pocillopora_acuta_HIv2___RNAseq.g28815.t1;Pocillopora_acuta_HIv2___RNAseq.g28858.t1;Pocillopora_acuta_HIv2___RNAseq.g2915.t1;Pocillopora_acuta_HIv2___RNAseq.g29841.t1;Pocillopora_acuta_HIv2___RNAseq.g3016.t1;Pocillopora_acuta_HIv2___RNAseq.g3051.t1;Pocillopora_acuta_HIv2___RNAseq.g30904.t1;Pocillopora_acuta_HIv2___RNAseq.g3222.t1;Pocillopora_acuta_HIv2___RNAseq.g3532.t1;Pocillopora_acuta_HIv2___RNAseq.g3746.t1;Pocillopora_acuta_HIv2___RNAseq.g4028.t1;Pocillopora_acuta_HIv2___RNAseq.g4031.t1c;Pocillopora_acuta_HIv2___RNAseq.g4369.t1;Pocillopora_acuta_HIv2___RNAseq.g4399.t2;Pocillopora_acuta_HIv2___RNAseq.g4732.t1;Pocillopora_acuta_HIv2___RNAseq.g6366.t1;Pocillopora_acuta_HIv2___RNAseq.g701.t1;Pocillopora_acuta_HIv2___RNAseq.g702.t1;Pocillopora_acuta_HIv2___RNAseq.g710.t1;Pocillopora_acuta_HIv2___RNAseq.g7553.t1;Pocillopora_acuta_HIv2___RNAseq.g8520.t1;Pocillopora_acuta_HIv2___RNAseq.g8644.t1;Pocillopora_acuta_HIv2___RNAseq.g8913.t1;Pocillopora_acuta_HIv2___RNAseq.g8915.t1;Pocillopora_acuta_HIv2___TS.g14552.t1;Pocillopora_acuta_HIv2___TS.g14962.t1;Pocillopora_acuta_HIv2___TS.g1731.t1;Pocillopora_acuta_HIv2___TS.g19499.t2;Pocillopora_acuta_HIv2___TS.g20007.t1;Pocillopora_acuta_HIv2___TS.g20880.t1;Pocillopora_acuta_HIv2___TS.g21616.t3a;Pocillopora_acuta_HIv2___TS.g22704.t2;Pocillopora_acuta_HIv2___TS.g23115.t1;Pocillopora_acuta_HIv2___TS.g23175.t1;Pocillopora_acuta_HIv2___TS.g24807.t1;Pocillopora_acuta_HIv2___TS.g25258.t1;Pocillopora_acuta_HIv2___TS.g25259.t2;Pocillopora_acuta_HIv2___TS.g29407.t1;Pocillopora_acuta_HIv2___TS.g3024.t4;Pocillopora_acuta_HIv2___TS.g3256.t1;Pocillopora_acuta_HIv2___TS.g6578.t1;Pocillopora_acuta_HIv2___TS.g7149.t2;Pocillopora_acuta_HIv2___TS.g9126.t1;Pocillopora_acuta_HIv2___TS.g9414.t1;Pocillopora_acuta_HIv2___TS.g9749.t1;Pocillopora_acuta_HIv2___TS.g9752.t3;Pocillopora_acuta_HIv2___TS.g9777.t1"	"Synaptotagmin-10 (Synaptotagmin X) (SytX);Multiple coagulation factor deficiency protein 2 homolog (Neural stem cell-derived neuronal survival protein);Myoferlin (Fer-1-like protein 3);Hemicentin-1 (Fibulin-6) (FIBL-6);Mucin-like protein;Fucolectin-4;Fucolectin;Fucolectin;Calcium-binding mitochondrial carrier protein (Mitochondrial substrate carrier family protein O);Synaptotagmin-9 (Synaptotagmin IX) (SytIX);Aggrecan core protein (Cartilage-specific proteoglycan core protein) (CSPCP);Mucin-like protein;Oncoprotein-induced transcript 3 protein (Liver-specific zona pellucida domain-containing protein);Extracellular calcium-sensing receptor (CaSR) (Parathyroid cell calcium-sensing receptor) (PCaR1) (RaKCaR);Polycystin-1-like protein 2 (Polycystin-1L2) (PC1-like 2 protein) (Polycystic kidney disease protein 1-like 2);Myosin-2 essential light chain (Myosin II essential light chain) (Non-muscle myosin essential light chain);Mucin-like protein;Neurocalcin homolog (DrosNCa);Sodium/calcium exchanger NCL2 (Na(+)/Ca(2+)-exchange protein NCL2) (OsEFCAX2) (Protein NCX-like 2) (OsNCL2);Sushi, von Willebrand factor type A, EGF and pentraxin domain-containing protein 1 (Polydom);Collagenase 3 (EC 3.4.24.-) (Matrix metalloproteinase-13) (MMP-13);1-phosphatidylinositol 4,5-bisphosphate phosphodiesterase eta-2 (EC 3.1.4.11) (Phosphoinositide phospholipase C-eta-2) (Phosphoinositide phospholipase C-like 4) (PLC-L4) (Phospholipase C-like protein 4) (Phospholipase C-eta-2) (PLC-eta2);Calcyphosin-like protein;Sushi, nidogen and EGF-like domain-containing protein 1 (Insulin-responsive sequence DNA-binding protein 1) (IRE-BP1);Calmodulin, striated muscle;Uromodulin (Tamm-Horsfall urinary glycoprotein) (THP) [Cleaved into: Uromodulin, secreted form];Cytosolic phospholipase A2 (cPLA2) (Phospholipase A2 group IVA) [Includes: Phospholipase A2 (EC 3.1.1.4) (Phosphatidylcholine 2-acylhydrolase); Lysophospholipase (EC 3.1.1.5)];Annexin A6 (Annexin VI) (Annexin-6);Mucin-like protein;Fibrillin-1 [Cleaved into: Asprosin];Voltage-dependent calcium channel type A subunit alpha-1 (Cacophony protein);Hemicentin-2;Calcyphosin-2 (Calcyphosine-2);Tolloid-like protein 1 (EC 3.4.24.-) (Chicken tolloid-like protein 1) (Metalloprotease colloid);Tolloid-like protein 2 (EC 3.4.24.-) (Metalloprotease xolloid) (Xenopus tolloid);Cubilin (Intrinsic factor-cobalamin receptor);EF-hand calcium-binding domain-containing protein 4B (Calcium release-activated channel regulator 2A) (Ras-related protein Rab-46);Fibropellin-1 (Epidermal growth factor-related protein 1) (Fibropellin-I) (SpEGF I) (UEGF-1);Synaptotagmin-7 (IPCA-7) (Prostate cancer-associated protein 7) (Synaptotagmin VII) (SytVII);Synaptotagmin-1 (Synaptotagmin I) (SytI);Collectin-11 (Collectin kidney protein 1) (CL-K1);Cadherin EGF LAG seven-pass G-type receptor 1 (Cadherin family member 9) (Flamingo homolog 2) (hFmi2);Matrilin-2;Carbamoyl-phosphate synthase [ammonia], mitochondrial (EC 6.3.4.16) (Carbamoyl-phosphate synthetase I) (CPSase I);Villin-1;Calmodulin-2 (CaM-2);Fibropellin-3 (Epidermal growth factor-related protein 3) (Fibropellin III) (Fibropellin-c) (SpEGF III);Myosin regulatory light polypeptide 9 (Myosin regulatory light chain 2, smooth muscle isoform) (Myosin regulatory light chain 9);Hippocalcin-like protein 1 (Calcium-binding protein BDR-1) (HLP2) (Visinin-like protein 3) (VILIP-3);Synaptotagmin-7 (IPCA-7) (Prostate cancer-associated protein 7) (Synaptotagmin VII) (SytVII);Synaptotagmin-1 (Synaptotagmin I) (SytI);Low-density lipoprotein receptor-related protein 4 (LRP-4) (Multiple epidermal growth factor-like domains 7);Low-density lipoprotein receptor-related protein 8 (LRP-8) (Apolipoprotein E receptor 2);Calmodulin (CaM);Adhesion G protein-coupled receptor L4;Polycystin-2 (Polycystic kidney disease 2 protein homolog);Sperm receptor for egg jelly (suREJ);Polycystin-1-like protein 2 (Polycystin-1L2) (PC1-like 2 protein) (Polycystic kidney disease protein 1-like 2);Protocadherin Fat 1 (Cadherin family member 7) (Cadherin-related tumor suppressor homolog) (Protein fat homolog) [Cleaved into: Protocadherin Fat 1, nuclear form];Hemicentin-1 (Fibulin-6) (FIBL-6);Calmodulin (CaM);Fibropellin-1 (Epidermal growth factor-related protein 1) (Fibropellin-I) (SpEGF I) (UEGF-1);Fibropellin-1 (Epidermal growth factor-related protein 1) (Fibropellin-I) (SpEGF I) (UEGF-1);Cadherin-23 (Otocadherin);Diacylglycerol kinase beta (DAG kinase beta) (EC 2.7.1.107) (Diglyceride kinase beta) (DGK-beta);Fibropellin-1 (Epidermal growth factor-related protein 1) (Fibropellin-I) (SpEGF I) (UEGF-1);Fibropellin-3 (Epidermal growth factor-related protein 3) (Fibropellin III) (Fibropellin-c) (SpEGF III);Thrombospondin-3;Cell growth regulator with EF hand domain protein 1 (Cell growth regulatory gene 11 protein) (Hydrophobestin);Calmodulin (CaM);Calmodulin-like protein 3;Fibropellin-1 (Epidermal growth factor-related protein 1) (Fibropellin-I) (SpEGF I) (UEGF-1);Hemicentin-1 (Fibulin-6) (FIBL-6);Hemicentin-1 (Fibulin-6) (FIBL-6);Mucin-like protein;Mucin-like protein;Matrilin-2;Protein unc-13 homolog C (Munc13-3);Fucolectin-3;Protocadherin-like protein;Ciliary-associated calcium-binding coiled-coil protein 1;E3 ubiquitin-protein ligase CBL-B (EC 2.3.2.27) (RING-type E3 ubiquitin transferase CBL-B) (SH3-binding protein CBL-B) (Signal transduction protein CBL-B);Follistatin-related protein 5 (Follistatin-like protein 5) (m-D/Bsp120I 1-2);Fibropellin-1 (Epidermal growth factor-related protein 1) (Fibropellin-I) (SpEGF I) (UEGF-1);Protocadherin Fat 1 (Cadherin family member 7) (Cadherin-related tumor suppressor homolog) (Protein fat homolog) [Cleaved into: Protocadherin Fat 1, nuclear form];Oncoprotein-induced transcript 3 protein"
"GO:0004062"	"aryl sulfotransferase activity"	"Catalysis of the reaction: 3'-phosphoadenosine 5'-phosphosulfate + a phenol = adenosine 3',5'-bisphosphate + an aryl sulfate."	"66.667% (6/9)"	1.428212e-05	4.85	"Pocillopora_acuta_HIv2___RNAseq.10969_t;Pocillopora_acuta_HIv2___RNAseq.g12481.t1;Pocillopora_acuta_HIv2___RNAseq.g21538.t1;Pocillopora_acuta_HIv2___RNAseq.g9089.t1;Pocillopora_acuta_HIv2___RNAseq.g9090.t1;Pocillopora_acuta_HIv2___RNAseq.g9093.t1"	"Sulfotransferase 1B1 (ST1B1) (EC 2.8.2.1) (Sulfotransferase 1B2) (Sulfotransferase family cytosolic 1B member 1) (Thyroid hormone sulfotransferase);Sulfotransferase 1C4 (ST1C4) (EC 2.8.2.1);Sulfotransferase 1B1 (ST1B1) (EC 2.8.2.1) (Sulfotransferase 1B2) (Sulfotransferase family cytosolic 1B member 1) (Thyroid hormone sulfotransferase);Sulfotransferase 1C4 (ST1C4) (EC 2.8.2.1);Sulfotransferase 1C2A (ST1C2A) (rSULT1C2A) (EC 2.8.2.1) (Sulfotransferase K2);Sulfotransferase 1C4 (ST1C4) (EC 2.8.2.1) (Sulfotransferase 1C2) (SULT1C#2)"
"GO:0008859"	"exoribonuclease II activity"	"Catalysis of the reaction: RNA + H2O = 5'-phosphomononucleotides. Cleaves RNA in the 3' to 5' direction."	"50% (3/6)"	0.007690386	2.11	"Pocillopora_acuta_HIv2___RNAseq.g7644.t1;Pocillopora_acuta_HIv2___RNAseq.g7645.t1;Pocillopora_acuta_HIv2___RNAseq.g9789.t1"	"3'-5' exoribonuclease HELZ2 (EC 3.1.13.1) (ATP-dependent RNA helicase PRIC285) (EC 3.6.4.13) (Helicase with zinc finger 2, transcriptional coactivator) (Helicase with zinc finger domain 2) (PPAR-alpha-interacting complex protein 285) (PPAR-gamma DNA-binding domain-interacting protein 1) (PDIP1) (PPAR-gamma DBD-interacting protein 1) (Peroxisomal proliferator-activated receptor A-interacting complex 285 kDa protein);3'-5' exoribonuclease HELZ2 (EC 3.1.13.1) (ATP-dependent RNA helicase PRIC285) (EC 3.6.4.13) (Helicase with zinc finger 2, transcriptional coactivator) (Helicase with zinc finger domain 2) (PPAR-alpha-interacting complex protein 285) (PPAR-gamma DNA-binding domain-interacting protein 1) (PDIP1) (PPAR-gamma DBD-interacting protein 1) (Peroxisomal proliferator-activated receptor A-interacting complex 285 kDa protein);DIS3-like exonuclease 1 (EC 3.1.13.1)"
"GO:0015189"	"L-lysine transmembrane transporter activity"	"Enables the transfer of L-lysine from one side of a membrane to the other. L-lysine is 2,6-diaminohexanoic acid."	"66.667% (4/6)"	0.0004669844	3.33	"Pocillopora_acuta_HIv2___RNAseq.25384_t;Pocillopora_acuta_HIv2___RNAseq.g19152.t1;Pocillopora_acuta_HIv2___RNAseq.g25241.t1;Pocillopora_acuta_HIv2___TS.g5171.t1"	"Cationic amino acid transporter 2 (CAT-2) (CAT2) (cCAT-2) (Low affinity cationic amino acid transporter 2) (Solute carrier family 7 member 2);High affinity cationic amino acid transporter 1 (CAT-1) (CAT1) (Ecotropic retroviral leukemia receptor homolog) (Ecotropic retrovirus receptor homolog) (Solute carrier family 7 member 1) (System Y+ basic amino acid transporter);Mitochondrial basic amino acids transporter (Carnitine/acylcarnitine translocase-like) (CACT-like) (Mitochondrial carnitine/acylcarnitine carrier protein CACL) (Mitochondrial ornithine transporter 3) (Solute carrier family 25 member 29);Cationic amino acid transporter 2 (CAT-2) (CAT2) (Low affinity cationic amino acid transporter 2) (Solute carrier family 7 member 2)"
"GO:0005332"	"gamma-aminobutyric acid:sodium:chloride symporter activity"	"Enables the transfer of a solute or solutes from one side of a membrane to the other according to the reaction: gamma-aminobutyric acid(out) + Na+(out) + Cl-(out) = gamma-aminobutyric acid(in) + Na+(in) + Cl(in)."	"44.444% (4/9)"	0.003247899	2.49	"Pocillopora_acuta_HIv2___RNAseq.g1200.t1;Pocillopora_acuta_HIv2___RNAseq.g28251.t1;Pocillopora_acuta_HIv2___TS.g16482.t1;Pocillopora_acuta_HIv2___TS.g16484.t1"	"Sodium- and chloride-dependent GABA transporter 2 (GAT-2) (Sodium- and chloride-dependent GABA transporter 3) (GAT-3) (Solute carrier family 6 member 13);Sodium- and chloride-dependent GABA transporter 1 (GAT-1) (Solute carrier family 6 member 1);Sodium- and chloride-dependent GABA transporter 2 (GAT-2) (Sodium- and chloride-dependent GABA transporter 3) (GAT-3) (Solute carrier family 6 member 13);Sodium- and chloride-dependent GABA transporter 2 (GAT-2) (Sodium- and chloride-dependent GABA transporter 3) (GAT-3) (Solute carrier family 6 member 13)"
"GO:0004930"	"G protein-coupled receptor activity"	"Combining with an extracellular signal and transmitting the signal across the membrane by activating an associated G-protein; promotes the exchange of GDP for GTP on the alpha subunit of a heterotrimeric G-protein complex."	"12.915% (35/271)"	0.001736019	2.76	"Pocillopora_acuta_HIv2___RNAseq.18788_t;Pocillopora_acuta_HIv2___RNAseq.g10339.t1;Pocillopora_acuta_HIv2___RNAseq.g1102.t1;Pocillopora_acuta_HIv2___RNAseq.g11214.t1;Pocillopora_acuta_HIv2___RNAseq.g11547.t1;Pocillopora_acuta_HIv2___RNAseq.g11548.t1;Pocillopora_acuta_HIv2___RNAseq.g1217.t1;Pocillopora_acuta_HIv2___RNAseq.g13056.t1;Pocillopora_acuta_HIv2___RNAseq.g14013.t1a;Pocillopora_acuta_HIv2___RNAseq.g14576.t1;Pocillopora_acuta_HIv2___RNAseq.g14869.t1;Pocillopora_acuta_HIv2___RNAseq.g14871.t1;Pocillopora_acuta_HIv2___RNAseq.g17965.t1;Pocillopora_acuta_HIv2___RNAseq.g19870.t1;Pocillopora_acuta_HIv2___RNAseq.g21169.t1;Pocillopora_acuta_HIv2___RNAseq.g22964.t1;Pocillopora_acuta_HIv2___RNAseq.g23414.t1;Pocillopora_acuta_HIv2___RNAseq.g2519.t1;Pocillopora_acuta_HIv2___RNAseq.g25689.t1;Pocillopora_acuta_HIv2___RNAseq.g26058.t1;Pocillopora_acuta_HIv2___RNAseq.g28213.t1;Pocillopora_acuta_HIv2___RNAseq.g2915.t1;Pocillopora_acuta_HIv2___RNAseq.g30398.t1;Pocillopora_acuta_HIv2___RNAseq.g3166.t1;Pocillopora_acuta_HIv2___RNAseq.g3723.t1;Pocillopora_acuta_HIv2___RNAseq.g3854.t1;Pocillopora_acuta_HIv2___RNAseq.g6366.t1;Pocillopora_acuta_HIv2___RNAseq.g6379.t1;Pocillopora_acuta_HIv2___RNAseq.g6468.t1;Pocillopora_acuta_HIv2___RNAseq.g8890.t1;Pocillopora_acuta_HIv2___RNAseq.g9811.t1;Pocillopora_acuta_HIv2___TS.g1253.t1;Pocillopora_acuta_HIv2___TS.g17699.t2;Pocillopora_acuta_HIv2___TS.g2952.t1;Pocillopora_acuta_HIv2___TS.g305.t1"	"Metabotropic glutamate receptor 3 (mGluR3);Adenosine receptor A2b;Neuropeptide FF receptor 2 (G-protein coupled receptor 74) (Neuropeptide G-protein coupled receptor);Histamine H2 receptor (H2R) (HH2R) (Gastric receptor I);Pyroglutamylated RF-amide peptide receptor (AQ27) (G-protein coupled receptor 103) (Orexigenic neuropeptide QRFP receptor) (SP9155);Pyroglutamylated RF-amide peptide receptor (AQ27) (G-protein coupled receptor 103) (Orexigenic neuropeptide QRFP receptor) (SP9155);Adenosine receptor A2a;Dopamine receptor 4;Beta-1 adrenergic receptor (Beta-1 adrenoreceptor) (Beta-1 adrenoceptor) (x-BETA1AR);G-protein coupled receptor GRL101;Neuropeptide FF receptor 2 (G-protein coupled receptor 74) (G-protein coupled receptor HLWAR77) (Neuropeptide G-protein coupled receptor);Extracellular calcium-sensing receptor (CaSR) (Parathyroid cell calcium-sensing receptor) (PCaR1) (RaKCaR);Alpha-1A adrenergic receptor (Alpha-1A adrenoreceptor) (Alpha-1A adrenoceptor) (Alpha-1C adrenergic receptor);Gamma-aminobutyric acid type B receptor subunit 1 (GABA-B receptor 1) (GABA-B-R1) (GABA-BR1) (GABABR1) (Gb1);Substance-K receptor (SKR) (NK-2 receptor) (NK-2R) (Neurokinin A receptor) (Tachykinin receptor 2);Adhesion G-protein coupled receptor D1 (G-protein coupled receptor 133) (G-protein coupled receptor PGR25);5-hydroxytryptamine receptor 1B (5-HT-1B) (5-HT1B) (Serotonin receptor 1B);Gamma-aminobutyric acid type B receptor subunit 2 (GABA-B receptor 2) (GABA-B-R2) (GABA-BR2) (GABABR2) (Gb2) (G-protein coupled receptor 51) (HG20);Melatonin receptor type 1A (Mel-1A-R) (Mel1a receptor);Rhodopsin, GQ-coupled (GQ-rhodopsin);QRFP-like peptide receptor;Cadherin EGF LAG seven-pass G-type receptor 1 (Cadherin family member 9) (Flamingo homolog 2) (hFmi2);Pyroglutamylated RF-amide peptide receptor (AQ27) (G-protein coupled receptor 103) (Orexigenic neuropeptide QRFP receptor) (SP9155);Rhodopsin;Adhesion G-protein coupled receptor D1 (G-protein coupled receptor 133);Tachykinin-like peptides receptor 86C (NKD);Adhesion G protein-coupled receptor L4;Adhesion G-protein coupled receptor D1 (G-protein coupled receptor 133);Adenosine receptor A2a;Follicle-stimulating hormone receptor (FSH-R) (Follitropin receptor);Neuropeptide FF receptor 2 (G-protein coupled receptor 74) (Neuropeptide NPFF receptor);Alpha-1A adrenergic receptor (Alpha-1A adrenoreceptor) (Alpha-1A adrenoceptor) (MAR1);Leucine-rich repeat-containing G-protein coupled receptor 6;Adhesion G-protein coupled receptor D1 (G-protein coupled receptor 133);Gamma-aminobutyric acid type B receptor subunit 2 (GABA-B receptor 2) (GABA-B-R2) (GABA-BR2) (GABABR2) (Gb2) (G-protein coupled receptor 51) (HG20)"
"GO:0099529"	"neurotransmitter receptor activity involved in regulation of postsynaptic membrane potential"	"Neurotransmitter receptor activity occurring in the postsynaptic membrane that is involved in regulating postsynaptic membrane potential, either directly (ionotropic receptors) or indirectly (e.g. via GPCR activation of an ion channel)."	"27.273% (6/22)"	0.005307925	2.28	"Pocillopora_acuta_HIv2___RNAseq.g11916.t1;Pocillopora_acuta_HIv2___RNAseq.g19870.t1;Pocillopora_acuta_HIv2___RNAseq.g21572.t1a;Pocillopora_acuta_HIv2___RNAseq.g26672.t1;Pocillopora_acuta_HIv2___RNAseq.g27413.t1;Pocillopora_acuta_HIv2___RNAseq.g28202.t1"	"Neuronal acetylcholine receptor subunit alpha-10 (Alpha 10 nAChR) (Nicotinic acetylcholine receptor subunit alpha-10) (NACHR alpha-10);Gamma-aminobutyric acid type B receptor subunit 1 (GABA-B receptor 1) (GABA-B-R1) (GABA-BR1) (GABABR1) (Gb1);Gamma-aminobutyric acid receptor subunit beta-3 (GABA(A) receptor subunit beta-3) (GABAAR subunit beta-3);Neuronal acetylcholine receptor subunit alpha-7;Gamma-aminobutyric acid receptor subunit beta-3 (GABA(A) receptor subunit beta-3) (GABAAR subunit beta-3);Neuronal acetylcholine receptor subunit beta-3"
"GO:0030371"	"translation repressor activity"	"Antagonizes ribosome-mediated translation of mRNA into a polypeptide."	"25.714% (9/35)"	0.001054919	2.98	"Pocillopora_acuta_HIv2___RNAseq.g10158.t1;Pocillopora_acuta_HIv2___RNAseq.g18640.t1;Pocillopora_acuta_HIv2___RNAseq.g18756.t2;Pocillopora_acuta_HIv2___RNAseq.g219.t1;Pocillopora_acuta_HIv2___RNAseq.g24051.t1;Pocillopora_acuta_HIv2___RNAseq.g28169.t1;Pocillopora_acuta_HIv2___RNAseq.g4383.t1;Pocillopora_acuta_HIv2___RNAseq.g763.t1;Pocillopora_acuta_HIv2___TS.g4312.t1"	"Cytoplasmic polyadenylation element-binding protein 2 (CPE-BP2) (CPE-binding protein 2) (mCPEB-2);Tripartite motif-containing protein 2 (EC 2.3.2.27) (E3 ubiquitin-protein ligase TRIM2) (RING-type E3 ubiquitin transferase TRIM2);Tripartite motif-containing protein 3 (EC 2.3.2.27) (Brain-expressed RING finger protein) (RING finger protein 22) (RING finger protein 97);Tripartite motif-containing protein 2 (EC 2.3.2.27) (E3 ubiquitin-protein ligase TRIM2) (RING-type E3 ubiquitin transferase TRIM2);Tripartite motif-containing protein 2 (EC 2.3.2.27) (E3 ubiquitin-protein ligase TRIM2) (RING-type E3 ubiquitin transferase TRIM2);E3 ubiquitin-protein ligase TRIM71 (EC 2.3.2.27) (Protein lin-41 homolog) (RING-type E3 ubiquitin transferase TRIM71) (Tripartite motif-containing protein 71);Tripartite motif-containing protein 2 (EC 2.3.2.27) (E3 ubiquitin-protein ligase TRIM2) (RING-type E3 ubiquitin transferase TRIM2);Tripartite motif-containing protein 3 (EC 2.3.2.27) (Brain-expressed RING finger protein) (RING finger protein 22);Tripartite motif-containing protein 3 (EC 2.3.2.27) (Brain-expressed RING finger protein) (RING finger protein 22)"
"GO:0005308"	"creatine transmembrane transporter activity"	"Enables the transfer of creatine from one side of a membrane to the other. Creatine is a compound synthesized from the amino acids arginine, glycine, and methionine that occurs in muscle."	"50% (4/8)"	0.001921226	2.72	"Pocillopora_acuta_HIv2___RNAseq.g1200.t1;Pocillopora_acuta_HIv2___RNAseq.g26586.t1;Pocillopora_acuta_HIv2___TS.g16482.t1;Pocillopora_acuta_HIv2___TS.g16484.t1"	"Sodium- and chloride-dependent GABA transporter 2 (GAT-2) (Sodium- and chloride-dependent GABA transporter 3) (GAT-3) (Solute carrier family 6 member 13);Monocarboxylate transporter 9 (MCT 9) (Solute carrier family 16 member 9);Sodium- and chloride-dependent GABA transporter 2 (GAT-2) (Sodium- and chloride-dependent GABA transporter 3) (GAT-3) (Solute carrier family 6 member 13);Sodium- and chloride-dependent GABA transporter 2 (GAT-2) (Sodium- and chloride-dependent GABA transporter 3) (GAT-3) (Solute carrier family 6 member 13)"
"GO:0015108"	"chloride transmembrane transporter activity"	"Enables the transfer of chloride ions from one side of a membrane to the other."	"26.415% (14/53)"	0.001523158	2.82	"Pocillopora_acuta_HIv2___RNAseq.g1200.t1;Pocillopora_acuta_HIv2___RNAseq.g16474.t1;Pocillopora_acuta_HIv2___RNAseq.g17622.t1;Pocillopora_acuta_HIv2___RNAseq.g19042.t1;Pocillopora_acuta_HIv2___RNAseq.g19043.t1;Pocillopora_acuta_HIv2___RNAseq.g21572.t1a;Pocillopora_acuta_HIv2___RNAseq.g22644.t1;Pocillopora_acuta_HIv2___RNAseq.g27413.t1;Pocillopora_acuta_HIv2___RNAseq.g28251.t1;Pocillopora_acuta_HIv2___RNAseq.g28741.t1;Pocillopora_acuta_HIv2___TS.g14315.t1b;Pocillopora_acuta_HIv2___TS.g16482.t1;Pocillopora_acuta_HIv2___TS.g16484.t1;Pocillopora_acuta_HIv2___TS.g19790.t1"	"Sodium- and chloride-dependent GABA transporter 2 (GAT-2) (Sodium- and chloride-dependent GABA transporter 3) (GAT-3) (Solute carrier family 6 member 13);Solute carrier family 12 member 2 (Bumetanide-sensitive sodium-(potassium)-chloride cotransporter 2) (BSC2) (Na-K-2Cl cotransporter 1) (NKCC1) (Na-K-CL symporter);Methylosome subunit pICln (Chloride channel, nucleotide sensitive 1A) (Chloride conductance regulatory protein ICln) (I(Cln));Anoctamin-7 (Dresden transmembrane protein of the prostate) (D-TMPP) (IPCA-5) (New gene expressed in prostate) (Prostate cancer-associated protein 5) (Transmembrane protein 16G);Anoctamin-7 (New gene expressed in prostate homolog) (Transmembrane protein 16G);Gamma-aminobutyric acid receptor subunit beta-3 (GABA(A) receptor subunit beta-3) (GABAAR subunit beta-3);Excitatory amino acid transporter 3 (Excitatory amino-acid carrier 1) (Sodium-dependent glutamate/aspartate transporter 3) (Solute carrier family 1 member 1);Gamma-aminobutyric acid receptor subunit beta-3 (GABA(A) receptor subunit beta-3) (GABAAR subunit beta-3);Sodium- and chloride-dependent GABA transporter 1 (GAT-1) (Solute carrier family 6 member 1);Glycine receptor subunit alpha-1 (Glycine receptor 48 kDa subunit) (Glycine receptor strychnine-binding subunit);Solute carrier family 12 member 8;Sodium- and chloride-dependent GABA transporter 2 (GAT-2) (Sodium- and chloride-dependent GABA transporter 3) (GAT-3) (Solute carrier family 6 member 13);Sodium- and chloride-dependent GABA transporter 2 (GAT-2) (Sodium- and chloride-dependent GABA transporter 3) (GAT-3) (Solute carrier family 6 member 13);Chloride intracellular channel protein 3 (Glutaredoxin-like oxidoreductase CLIC3) (EC 1.8.-.-)"
"GO:0099095"	"ligand-gated monoatomic anion channel activity"	"Enables the transmembrane transfer of an inorganic anion by a channel that opens when a specific ligand has been bound by the channel complex or one of its constituent parts."	"31.25% (5/16)"	0.005775523	2.24	"Pocillopora_acuta_HIv2___RNAseq.g17622.t1;Pocillopora_acuta_HIv2___RNAseq.g19042.t1;Pocillopora_acuta_HIv2___RNAseq.g21572.t1a;Pocillopora_acuta_HIv2___RNAseq.g27413.t1;Pocillopora_acuta_HIv2___RNAseq.g28741.t1"	"Methylosome subunit pICln (Chloride channel, nucleotide sensitive 1A) (Chloride conductance regulatory protein ICln) (I(Cln));Anoctamin-7 (Dresden transmembrane protein of the prostate) (D-TMPP) (IPCA-5) (New gene expressed in prostate) (Prostate cancer-associated protein 5) (Transmembrane protein 16G);Gamma-aminobutyric acid receptor subunit beta-3 (GABA(A) receptor subunit beta-3) (GABAAR subunit beta-3);Gamma-aminobutyric acid receptor subunit beta-3 (GABA(A) receptor subunit beta-3) (GABAAR subunit beta-3);Glycine receptor subunit alpha-1 (Glycine receptor 48 kDa subunit) (Glycine receptor strychnine-binding subunit)"
"GO:0005001"	"transmembrane receptor protein tyrosine phosphatase activity"	"Combining with a signal and transmitting the signal from one side of the membrane to the other to initiate a change in cell activity by catalysis of the reaction: protein tyrosine phosphate + H2O = protein tyrosine + phosphate."	"45.455% (5/11)"	0.0008455515	3.07	"Pocillopora_acuta_HIv2___RNAseq.g12287.t1;Pocillopora_acuta_HIv2___RNAseq.g12289.t1;Pocillopora_acuta_HIv2___RNAseq.g12293.t1;Pocillopora_acuta_HIv2___RNAseq.g9334.t1;Pocillopora_acuta_HIv2___TS.g1768.t1"	"Tyrosine-protein phosphatase Lar (EC 3.1.3.48) (Protein-tyrosine-phosphate phosphohydrolase) (dLAR);Tyrosine-protein phosphatase Lar (EC 3.1.3.48) (Protein-tyrosine-phosphate phosphohydrolase) (dLAR);Receptor-type tyrosine-protein phosphatase T (R-PTP-T) (EC 3.1.3.48) (Receptor-type tyrosine-protein phosphatase rho) (RPTP-rho);Tyrosine-protein phosphatase Lar (EC 3.1.3.48) (Protein-tyrosine-phosphate phosphohydrolase) (dLAR);Tyrosine-protein phosphatase Lar (EC 3.1.3.48) (Protein-tyrosine-phosphate phosphohydrolase) (dLAR)"
"GO:0035198"	"miRNA binding"	"Binding to a microRNA, a 21-23 nucleotide RNA that is processed from a stem-loop RNA precursor (pre-miRNA) that is encoded within plant and animal genomes."	"22.5% (9/40)"	0.002884951	2.54	"Pocillopora_acuta_HIv2___RNAseq.g13082.t1;Pocillopora_acuta_HIv2___RNAseq.g16905.t1;Pocillopora_acuta_HIv2___RNAseq.g16957.t1;Pocillopora_acuta_HIv2___RNAseq.g1800.t1;Pocillopora_acuta_HIv2___RNAseq.g24787.t1;Pocillopora_acuta_HIv2___RNAseq.g24800.t1;Pocillopora_acuta_HIv2___RNAseq.g28169.t1;Pocillopora_acuta_HIv2___RNAseq.g4128.t2;Pocillopora_acuta_HIv2___RNAseq.g4938.t1"	"Putative methyltransferase C9orf114 (EC 2.1.1.-) (Centromere protein 32) (CENP-32) (Kinetochore-associated protein) (SPOUT domain-containing methyltransferase 1);E3 ubiquitin-protein ligase TRIM71 (EC 2.3.2.27) (Protein lin-41 homolog) (RING-type E3 ubiquitin transferase TRIM71) (Tripartite motif-containing protein 71);Transcription factor SOX-4;E3 ubiquitin-protein ligase TRIM71 (EC 2.3.2.27) (Protein lin-41 homolog) (RING-type E3 ubiquitin transferase TRIM71) (Tripartite motif-containing protein 71);E3 ubiquitin-protein ligase TRIM71 (EC 2.3.2.27) (Protein lin-41 homolog) (RING-type E3 ubiquitin transferase TRIM71) (Tripartite motif-containing protein 71);E3 ubiquitin-protein ligase TRIM71 (EC 2.3.2.27) (Protein lin-41 homolog) (RING-type E3 ubiquitin transferase TRIM71) (Tripartite motif-containing protein 71);E3 ubiquitin-protein ligase TRIM71 (EC 2.3.2.27) (Protein lin-41 homolog) (RING-type E3 ubiquitin transferase TRIM71) (Tripartite motif-containing protein 71);Terminal uridylyltransferase 4 (TUTase 4) (EC 2.7.7.52) (Zinc finger CCHC domain-containing protein 11);E3 ubiquitin-protein ligase TRIM71 (EC 2.3.2.27) (Protein lin-41 homolog) (RING-type E3 ubiquitin transferase TRIM71) (Tripartite motif-containing protein 71)"
"GO:0042806"	"fucose binding"	"Binding to fucose, the pentose 6-deoxygalactose."	"62.5% (5/8)"	0.0001247721	3.9	"Pocillopora_acuta_HIv2___RNAseq.g12286.t1;Pocillopora_acuta_HIv2___RNAseq.g12290.t1;Pocillopora_acuta_HIv2___RNAseq.g12292.t1;Pocillopora_acuta_HIv2___RNAseq.g28858.t1;Pocillopora_acuta_HIv2___TS.g3256.t1"	"Fucolectin-4;Fucolectin;Fucolectin;Collectin-11 (Collectin kidney protein 1) (CL-K1);Fucolectin-3"
"GO:0016917"	"GABA receptor activity"	"Combining with gamma-aminobutyric acid (GABA), and transmitting the signal from one side of the membrane to the other to initiate a change in cell activity. (GABA, 4-aminobutyrate) is an amino acid which acts as a neurotransmitter in some organisms."	"41.667% (5/12)"	0.001357887	2.87	"Pocillopora_acuta_HIv2___RNAseq.g19870.t1;Pocillopora_acuta_HIv2___RNAseq.g21572.t1a;Pocillopora_acuta_HIv2___RNAseq.g2519.t1;Pocillopora_acuta_HIv2___RNAseq.g27413.t1;Pocillopora_acuta_HIv2___TS.g305.t1"	"Gamma-aminobutyric acid type B receptor subunit 1 (GABA-B receptor 1) (GABA-B-R1) (GABA-BR1) (GABABR1) (Gb1);Gamma-aminobutyric acid receptor subunit beta-3 (GABA(A) receptor subunit beta-3) (GABAAR subunit beta-3);Gamma-aminobutyric acid type B receptor subunit 2 (GABA-B receptor 2) (GABA-B-R2) (GABA-BR2) (GABABR2) (Gb2) (G-protein coupled receptor 51) (HG20);Gamma-aminobutyric acid receptor subunit beta-3 (GABA(A) receptor subunit beta-3) (GABAAR subunit beta-3);Gamma-aminobutyric acid type B receptor subunit 2 (GABA-B receptor 2) (GABA-B-R2) (GABA-BR2) (GABABR2) (Gb2) (G-protein coupled receptor 51) (HG20)"
"GO:0000064"	"L-ornithine transmembrane transporter activity"	"Enables the transfer of L-ornithine from one side of a membrane to the other. L-ornithine is 2,5-diaminopentanoic acid."	"60% (3/5)"	0.004078685	2.39	"Pocillopora_acuta_HIv2___RNAseq.25384_t;Pocillopora_acuta_HIv2___RNAseq.g19152.t1;Pocillopora_acuta_HIv2___TS.g5171.t1"	"Cationic amino acid transporter 2 (CAT-2) (CAT2) (cCAT-2) (Low affinity cationic amino acid transporter 2) (Solute carrier family 7 member 2);High affinity cationic amino acid transporter 1 (CAT-1) (CAT1) (Ecotropic retroviral leukemia receptor homolog) (Ecotropic retrovirus receptor homolog) (Solute carrier family 7 member 1) (System Y+ basic amino acid transporter);Cationic amino acid transporter 2 (CAT-2) (CAT2) (Low affinity cationic amino acid transporter 2) (Solute carrier family 7 member 2)"
"GO:0000977"	"RNA polymerase II transcription regulatory region sequence-specific DNA binding"	"Binding to a specific sequence of DNA that is part of a regulatory region that controls the transcription of a gene or cistron by RNA polymerase II."	"12.153% (35/288)"	0.00476927	2.32	"Pocillopora_acuta_HIv2___RNAseq.26564_t;Pocillopora_acuta_HIv2___RNAseq.665_t;Pocillopora_acuta_HIv2___RNAseq.g10180.t1;Pocillopora_acuta_HIv2___RNAseq.g10408.t1;Pocillopora_acuta_HIv2___RNAseq.g10896.t1;Pocillopora_acuta_HIv2___RNAseq.g14060.t1;Pocillopora_acuta_HIv2___RNAseq.g16169.t1;Pocillopora_acuta_HIv2___RNAseq.g16957.t1;Pocillopora_acuta_HIv2___RNAseq.g1930.t1;Pocillopora_acuta_HIv2___RNAseq.g1932.t1;Pocillopora_acuta_HIv2___RNAseq.g21912.t1;Pocillopora_acuta_HIv2___RNAseq.g22722.t1;Pocillopora_acuta_HIv2___RNAseq.g22749.t1;Pocillopora_acuta_HIv2___RNAseq.g23053.t1;Pocillopora_acuta_HIv2___RNAseq.g25327.t1;Pocillopora_acuta_HIv2___RNAseq.g25686.t1;Pocillopora_acuta_HIv2___RNAseq.g25869.t1;Pocillopora_acuta_HIv2___RNAseq.g27673.t1;Pocillopora_acuta_HIv2___RNAseq.g28639.t1;Pocillopora_acuta_HIv2___RNAseq.g29836.t1;Pocillopora_acuta_HIv2___RNAseq.g30214.t1;Pocillopora_acuta_HIv2___RNAseq.g31038.t1;Pocillopora_acuta_HIv2___RNAseq.g3322.t1;Pocillopora_acuta_HIv2___RNAseq.g3580.t1;Pocillopora_acuta_HIv2___RNAseq.g3837.t1a;Pocillopora_acuta_HIv2___RNAseq.g439.t1;Pocillopora_acuta_HIv2___RNAseq.g7803.t1;Pocillopora_acuta_HIv2___RNAseq.g8093.t1;Pocillopora_acuta_HIv2___RNAseq.g8690.t1;Pocillopora_acuta_HIv2___TS.g11075.t2;Pocillopora_acuta_HIv2___TS.g16611.t1;Pocillopora_acuta_HIv2___TS.g19999.t1;Pocillopora_acuta_HIv2___TS.g21030.t2;Pocillopora_acuta_HIv2___TS.g23568.t2d;Pocillopora_acuta_HIv2___TS.g4588.t1"	"Transcription factor AP-2-alpha (AP2-alpha) (AP-2 transcription factor) (Activating enhancer-binding protein 2-alpha) (Activator protein 2) (AP-2);POU domain, class 4, transcription factor 3 (Brain-specific homeobox/POU domain protein 3C) (Brain-3C) (Brn-3C);Homeobox protein Nkx-2.5 (xNKx-2.5) (Homeobox protein NK-2 homolog E);Nuclear transcription factor Y subunit alpha (CAAT box DNA-binding protein subunit A) (Nuclear transcription factor Y subunit A) (NF-YA);Achaete-scute homolog 4 (ASH-4) (hASH4) (Achaete-scute-like protein 4) (Class A basic helix-loop-helix protein 44) (bHLHa44);Insulinoma-associated protein 1 (Zinc finger protein IA-1);LIM/homeobox protein Lhx1 (LIM homeobox protein 1) (Homeobox protein Lim-1) (Xlim1) (x-Lhx1) (xLIM-1);Transcription factor SOX-4;Transcriptional regulator Myc-A (c-Myc-A) (zc-Myc);Protein S-Myc;Homeobox protein HMX3 (Homeobox protein H6 family member 3) (Homeobox protein Nkx-5.1);Transcription factor ovo-like homolog lin-48 (Abnormal cell lineage protein 48);Transcription factor Sox-3;Protein capicua homolog;Krueppel-like factor 5 (Basic transcription element-binding protein 2) (BTE-binding protein 2) (Colon krueppel-like factor) (GC-box-binding protein 2) (Intestinal-enriched krueppel-like factor) (Transcription factor BTEB2);Transcription factor Sox-14;DNA-binding protein RFX6 (Regulatory factor X 6);Paired box protein Pax-6 (Oculorhombin);DNA-binding protein RFX7 (Regulatory factor X 7);Circadian locomoter output cycles protein kaput;Storkhead-box protein 1;ETS translocation variant 1 (Ets-related protein 81);Homeobox protein Dlx4a (DLX-8) (Distal-less homeobox protein 4a);Pancreas transcription factor 1 subunit alpha (Pancreas-specific transcription factor 1a) (bHLH transcription factor p48);Paired box protein Pax-2a (No isthmus protein) (Pax[Zf-b]);N-glycosylase/DNA lyase [Includes: 8-oxoguanine DNA glycosylase (EC 3.2.2.-); DNA-(apurinic or apyrimidinic site) lyase (AP lyase) (EC 4.2.99.18)];Transcription factor sox-2;Chromodomain-helicase-DNA-binding protein 7 (CHD-7) (EC 3.6.4.12) (ATP-dependent helicase CHD7);Forkhead box protein L2;Transcriptional enhancer factor TEF-1 (NTEF-1) (Protein GT-IIC) (TEA domain family member 1) (TEAD-1) (Transcription factor 13) (TCF-13);Zinc finger protein 709;Retinal homeobox protein Rx2;Doublesex- and mab-3-related transcription factor A2 (Doublesex- and mab-3-related transcription factor 5);DNA-binding protein P3A2;Transcription factor Sp5"
"GO:0038024"	"cargo receptor activity"	"Binding specifically to a substance (cargo) to deliver it to a transport vesicle. Cargo receptors span membranes (for instance the plasma membrane or the endoplasmic reticulum membrane), binding simultaneously to cargo molecules and coat adaptors, to efficiently recruit the cargo molecules to nascent vesicles."	"17.857% (10/56)"	0.009798969	2.01	"Pocillopora_acuta_HIv2___RNAseq.g10991.t1;Pocillopora_acuta_HIv2___RNAseq.g13044.t1;Pocillopora_acuta_HIv2___RNAseq.g13060.t1;Pocillopora_acuta_HIv2___RNAseq.g24761.t1;Pocillopora_acuta_HIv2___RNAseq.g28025.t1;Pocillopora_acuta_HIv2___RNAseq.g3724.t1;Pocillopora_acuta_HIv2___RNAseq.g4399.t2;Pocillopora_acuta_HIv2___RNAseq.g618.t1;Pocillopora_acuta_HIv2___TS.g29618.t1;Pocillopora_acuta_HIv2___TS.g29621.t1"	"Scavenger receptor cysteine-rich domain-containing protein DMBT1 (Deleted in malignant brain tumors 1 protein) (Glycoprotein 340) (Gp-340) (Hensin) (Salivary agglutinin) (SAG) (Surfactant pulmonary-associated D-binding protein);Scavenger receptor cysteine-rich domain-containing protein DMBT1 (Deleted in malignant brain tumors 1 protein) (Glycoprotein 340) (Gp-340) (Hensin) (Salivary agglutinin) (SAG) (Surfactant pulmonary-associated D-binding protein);Low-density lipoprotein receptor-related protein 6 (LRP-6);Annexin A6 (Annexin VI) (Annexin-6);Cubilin (Intrinsic factor-cobalamin receptor);Folate receptor beta (FR-beta) (Folate receptor 2) (Folate receptor, fetal/placental) (Placental folate-binding protein) (FBP);Low-density lipoprotein receptor-related protein 8 (LRP-8) (Apolipoprotein E receptor 2);Transmembrane emp24 domain-containing protein 7 (p24 family protein gamma-3) (p24gamma3) (p27);Low-density lipoprotein receptor-related protein 6 (LRP-6);Low-density lipoprotein receptor-related protein 6 (LRP-6)"
"GO:0019894"	"kinesin binding"	"Interacting selectively and non-covalently and stoichiometrically with kinesin, a member of a superfamily of microtubule-based motor proteins that perform force-generating tasks such as organelle transport and chromosome segregation."	"26.667% (8/30)"	0.001544802	2.81	"Pocillopora_acuta_HIv2___RNAseq.g13552.t1;Pocillopora_acuta_HIv2___RNAseq.g14867.t1;Pocillopora_acuta_HIv2___RNAseq.g14868.t1b;Pocillopora_acuta_HIv2___RNAseq.g18966.t1;Pocillopora_acuta_HIv2___RNAseq.g21831.t1;Pocillopora_acuta_HIv2___RNAseq.g30425.t2;Pocillopora_acuta_HIv2___RNAseq.g4399.t2;Pocillopora_acuta_HIv2___TS.g20127.t1b"	"Voltage-gated potassium channel KCNC1 (NGK2) (Potassium voltage-gated channel subfamily C member 1) (Voltage-gated potassium channel subunit Kv3.1) (Voltage-gated potassium channel subunit Kv4);Kinesin light chain 4 (KLC 4) (Kinesin-like protein 8);Kinesin light chain (KLC);Potassium voltage-gated channel subfamily A member 2 (RAK) (RBK2) (RCK5) (Voltage-gated potassium channel subunit Kv1.2);Kinesin-like protein KIF3C;Rootletin (Ciliary rootlet coiled-coil protein);Low-density lipoprotein receptor-related protein 8 (LRP-8) (Apolipoprotein E receptor 2);Kinesin light chain 4 (KLC 4) (Kinesin-like protein 8)"
"GO:0003700"	"DNA-binding transcription factor activity"	"A transcription regulator activity that modulates transcription of gene sets via selective and non-covalent binding to a specific double-stranded genomic DNA sequence (sometimes referred to as a motif) within a cis-regulatory region. Regulatory regions include promoters (proximal and distal) and enhancers. Genes are transcriptional units, and include bacterial operons."	"11.667% (35/300)"	0.008960399	2.05	"Pocillopora_acuta_HIv2___RNAseq.26564_t;Pocillopora_acuta_HIv2___RNAseq.665_t;Pocillopora_acuta_HIv2___RNAseq.g10180.t1;Pocillopora_acuta_HIv2___RNAseq.g10408.t1;Pocillopora_acuta_HIv2___RNAseq.g10896.t1;Pocillopora_acuta_HIv2___RNAseq.g11673.t1;Pocillopora_acuta_HIv2___RNAseq.g14060.t1;Pocillopora_acuta_HIv2___RNAseq.g16169.t1;Pocillopora_acuta_HIv2___RNAseq.g16957.t1;Pocillopora_acuta_HIv2___RNAseq.g1930.t1;Pocillopora_acuta_HIv2___RNAseq.g1932.t1;Pocillopora_acuta_HIv2___RNAseq.g21912.t1;Pocillopora_acuta_HIv2___RNAseq.g22722.t1;Pocillopora_acuta_HIv2___RNAseq.g22749.t1;Pocillopora_acuta_HIv2___RNAseq.g23053.t1;Pocillopora_acuta_HIv2___RNAseq.g25327.t1;Pocillopora_acuta_HIv2___RNAseq.g25686.t1;Pocillopora_acuta_HIv2___RNAseq.g25869.t1;Pocillopora_acuta_HIv2___RNAseq.g27673.t1;Pocillopora_acuta_HIv2___RNAseq.g28639.t1;Pocillopora_acuta_HIv2___RNAseq.g29836.t1;Pocillopora_acuta_HIv2___RNAseq.g30663.t1;Pocillopora_acuta_HIv2___RNAseq.g31038.t1;Pocillopora_acuta_HIv2___RNAseq.g3322.t1;Pocillopora_acuta_HIv2___RNAseq.g3580.t1;Pocillopora_acuta_HIv2___RNAseq.g3837.t1a;Pocillopora_acuta_HIv2___RNAseq.g7803.t1;Pocillopora_acuta_HIv2___RNAseq.g8690.t1;Pocillopora_acuta_HIv2___RNAseq.g8876.t1;Pocillopora_acuta_HIv2___TS.g11075.t2;Pocillopora_acuta_HIv2___TS.g16611.t1;Pocillopora_acuta_HIv2___TS.g19999.t1;Pocillopora_acuta_HIv2___TS.g21030.t2;Pocillopora_acuta_HIv2___TS.g23568.t2d;Pocillopora_acuta_HIv2___TS.g4588.t1"	"Transcription factor AP-2-alpha (AP2-alpha) (AP-2 transcription factor) (Activating enhancer-binding protein 2-alpha) (Activator protein 2) (AP-2);POU domain, class 4, transcription factor 3 (Brain-specific homeobox/POU domain protein 3C) (Brain-3C) (Brn-3C);Homeobox protein Nkx-2.5 (xNKx-2.5) (Homeobox protein NK-2 homolog E);Nuclear transcription factor Y subunit alpha (CAAT box DNA-binding protein subunit A) (Nuclear transcription factor Y subunit A) (NF-YA);Achaete-scute homolog 4 (ASH-4) (hASH4) (Achaete-scute-like protein 4) (Class A basic helix-loop-helix protein 44) (bHLHa44);POU domain, class 3, transcription factor 2-B (Transcription factor POU3-B) (XlPOU3B);Insulinoma-associated protein 1 (Zinc finger protein IA-1);LIM/homeobox protein Lhx1 (LIM homeobox protein 1) (Homeobox protein Lim-1) (Xlim1) (x-Lhx1) (xLIM-1);Transcription factor SOX-4;Transcriptional regulator Myc-A (c-Myc-A) (zc-Myc);Protein S-Myc;Homeobox protein HMX3 (Homeobox protein H6 family member 3) (Homeobox protein Nkx-5.1);Transcription factor ovo-like homolog lin-48 (Abnormal cell lineage protein 48);Transcription factor Sox-3;Protein capicua homolog;Krueppel-like factor 5 (Basic transcription element-binding protein 2) (BTE-binding protein 2) (Colon krueppel-like factor) (GC-box-binding protein 2) (Intestinal-enriched krueppel-like factor) (Transcription factor BTEB2);Transcription factor Sox-14;DNA-binding protein RFX6 (Regulatory factor X 6);Paired box protein Pax-6 (Oculorhombin);DNA-binding protein RFX7 (Regulatory factor X 7);Circadian locomoter output cycles protein kaput;Cellular tumor antigen p53 (Tumor suppressor p53);ETS translocation variant 1 (Ets-related protein 81);Homeobox protein Dlx4a (DLX-8) (Distal-less homeobox protein 4a);Pancreas transcription factor 1 subunit alpha (Pancreas-specific transcription factor 1a) (bHLH transcription factor p48);Paired box protein Pax-2a (No isthmus protein) (Pax[Zf-b]);Transcription factor sox-2;Forkhead box protein L2;Homeobox protein not2 (Xnot-2) (Xnot2);Transcriptional enhancer factor TEF-1 (NTEF-1) (Protein GT-IIC) (TEA domain family member 1) (TEAD-1) (Transcription factor 13) (TCF-13);Zinc finger protein 709;Retinal homeobox protein Rx2;Doublesex- and mab-3-related transcription factor A2 (Doublesex- and mab-3-related transcription factor 5);DNA-binding protein P3A2;Transcription factor Sp5"
"GO:0061459"	"L-arginine transmembrane transporter activity"	"Enables the transfer of L-arginine from one side of a membrane to the other."	"66.667% (4/6)"	0.0004669844	3.33	"Pocillopora_acuta_HIv2___RNAseq.25384_t;Pocillopora_acuta_HIv2___RNAseq.g19152.t1;Pocillopora_acuta_HIv2___RNAseq.g25241.t1;Pocillopora_acuta_HIv2___TS.g5171.t1"	"Cationic amino acid transporter 2 (CAT-2) (CAT2) (cCAT-2) (Low affinity cationic amino acid transporter 2) (Solute carrier family 7 member 2);High affinity cationic amino acid transporter 1 (CAT-1) (CAT1) (Ecotropic retroviral leukemia receptor homolog) (Ecotropic retrovirus receptor homolog) (Solute carrier family 7 member 1) (System Y+ basic amino acid transporter);Mitochondrial basic amino acids transporter (Carnitine/acylcarnitine translocase-like) (CACT-like) (Mitochondrial carnitine/acylcarnitine carrier protein CACL) (Mitochondrial ornithine transporter 3) (Solute carrier family 25 member 29);Cationic amino acid transporter 2 (CAT-2) (CAT2) (Low affinity cationic amino acid transporter 2) (Solute carrier family 7 member 2)"
"GO:0009374"	"biotin binding"	"Binding to biotin (cis-tetrahydro-2-oxothieno(3,4-d)imidazoline-4-valeric acid), the (+) enantiomer of which is very widely distributed in cells and serves as a carrier in a number of enzymatic beta-carboxylation reactions."	"42.105% (8/19)"	4.27592e-05	4.37	"Pocillopora_acuta_HIv2___RNAseq.g28227.t1;Pocillopora_acuta_HIv2___RNAseq.g3222.t1;Pocillopora_acuta_HIv2___RNAseq.g8913.t1;Pocillopora_acuta_HIv2___RNAseq.g8915.t1;Pocillopora_acuta_HIv2___TS.g1731.t1;Pocillopora_acuta_HIv2___TS.g19499.t2;Pocillopora_acuta_HIv2___TS.g23115.t1;Pocillopora_acuta_HIv2___TS.g9749.t1"	"Fibropellin-1 (Epidermal growth factor-related protein 1) (Fibropellin-I) (SpEGF I) (UEGF-1);Fibropellin-3 (Epidermal growth factor-related protein 3) (Fibropellin III) (Fibropellin-c) (SpEGF III);Fibropellin-1 (Epidermal growth factor-related protein 1) (Fibropellin-I) (SpEGF I) (UEGF-1);Fibropellin-1 (Epidermal growth factor-related protein 1) (Fibropellin-I) (SpEGF I) (UEGF-1);Fibropellin-1 (Epidermal growth factor-related protein 1) (Fibropellin-I) (SpEGF I) (UEGF-1);Fibropellin-3 (Epidermal growth factor-related protein 3) (Fibropellin III) (Fibropellin-c) (SpEGF III);Fibropellin-1 (Epidermal growth factor-related protein 1) (Fibropellin-I) (SpEGF I) (UEGF-1);Fibropellin-1 (Epidermal growth factor-related protein 1) (Fibropellin-I) (SpEGF I) (UEGF-1)"
"GO:0004111"	"creatine kinase activity"	"Catalysis of the reaction: ATP + creatine = N-phosphocreatine + ADP + 2 H+."	"66.667% (4/6)"	0.0004669844	3.33	"Pocillopora_acuta_HIv2___RNAseq.g15574.t1;Pocillopora_acuta_HIv2___RNAseq.g15577.t1;Pocillopora_acuta_HIv2___RNAseq.g15584.t1;Pocillopora_acuta_HIv2___RNAseq.g2258.t1"	"Creatine kinase, testis isozyme (EC 2.7.3.2);Creatine kinase M-type (EC 2.7.3.2) (Creatine kinase M chain) (Creatine phosphokinase M-type) (CPK-M) (M-CK);Creatine kinase M-type (EC 2.7.3.2) (Creatine kinase M chain) (Creatine phosphokinase M-type) (CPK-M) (M-CK);Arginine kinase (AK) (EC 2.7.3.3)"
"GO:0050661"	"NADP binding"	"Binding to nicotinamide-adenine dinucleotide phosphate, a coenzyme involved in many redox and biosynthetic reactions; binding may be to either the oxidized form, NADP+, or the reduced form, NADPH."	"20.455% (9/44)"	0.005669637	2.25	"Pocillopora_acuta_HIv2___RNAseq.g12049.t1;Pocillopora_acuta_HIv2___RNAseq.g17117.t1;Pocillopora_acuta_HIv2___RNAseq.g19367.t1;Pocillopora_acuta_HIv2___RNAseq.g26503.t1;Pocillopora_acuta_HIv2___RNAseq.g30929.t1;Pocillopora_acuta_HIv2___RNAseq.g8058.t1;Pocillopora_acuta_HIv2___RNAseq.g8849.t1;Pocillopora_acuta_HIv2___TS.g23308.t1;Pocillopora_acuta_HIv2___TS.g5148.t1"	"NADPH--cytochrome P450 reductase (CPR) (P450R) (EC 1.6.2.4);Nitric oxide synthase 1 (EC 1.14.13.39) (Constitutive NOS) (NC-NOS) (NOS type I) (Neuronal NOS) (N-NOS) (nNOS) (Nitric oxide synthase, brain) (bNOS) (Peptidyl-cysteine S-nitrosylase NOS1);Methylenetetrahydrofolate reductase (NADPH) (EC 1.5.1.53);3-hydroxyisobutyrate dehydrogenase, mitochondrial (HIBADH) (EC 1.1.1.31);Quinone oxidoreductase PIG3 (EC 1.6.5.5) (NADPH:quinone reductase PIG3) (Tumor protein p53-inducible protein 3) (Protein PIG3) (p53-induced gene 3 protein);GDP-mannose 4,6 dehydratase (EC 4.2.1.47) (GDP-D-mannose dehydratase) (GMD);2-haloacrylate reductase (EC 1.3.1.103);Trimethylamine monooxygenase (TMA monooxygenase) (Tmm) (EC 1.14.13.148);6-phosphogluconate dehydrogenase, decarboxylating (EC 1.1.1.44)"
"GO:0033229"	"cysteine transmembrane transporter activity"	"Enables the transfer of cysteine from one side of a membrane to the other."	"41.667% (5/12)"	0.001357887	2.87	"Pocillopora_acuta_HIv2___RNAseq.g12410.t1;Pocillopora_acuta_HIv2___RNAseq.g22644.t1;Pocillopora_acuta_HIv2___RNAseq.g7215.t1;Pocillopora_acuta_HIv2___RNAseq.g7217.t1;Pocillopora_acuta_HIv2___TS.g22105.t1"	"Excitatory amino acid transporter 2 (GLT-1) (Sodium-dependent glutamate/aspartate transporter 2) (Solute carrier family 1 member 2);Excitatory amino acid transporter 3 (Excitatory amino-acid carrier 1) (Sodium-dependent glutamate/aspartate transporter 3) (Solute carrier family 1 member 1);Major facilitator superfamily domain-containing protein 12 (Protein grizzled);Major facilitator superfamily domain-containing protein 12 (Protein grizzled);Major facilitator superfamily domain-containing protein 12"
"GO:0005262"	"calcium channel activity"	"Enables the energy-independent facilitated diffusion of a calcium ion through a transmembrane aqueous pore or channel."	"17.045% (15/88)"	0.002809647	2.55	"Pocillopora_acuta_HIv2___RNAseq.10010_t;Pocillopora_acuta_HIv2___RNAseq.g11916.t1;Pocillopora_acuta_HIv2___RNAseq.g12898.t1;Pocillopora_acuta_HIv2___RNAseq.g15159.t1;Pocillopora_acuta_HIv2___RNAseq.g23883.t2;Pocillopora_acuta_HIv2___RNAseq.g24761.t1;Pocillopora_acuta_HIv2___RNAseq.g26118.t1;Pocillopora_acuta_HIv2___RNAseq.g29670.t2;Pocillopora_acuta_HIv2___RNAseq.g5755.t1;Pocillopora_acuta_HIv2___RNAseq.g701.t1;Pocillopora_acuta_HIv2___RNAseq.g702.t1;Pocillopora_acuta_HIv2___RNAseq.g710.t1;Pocillopora_acuta_HIv2___RNAseq.g9466.t1;Pocillopora_acuta_HIv2___TS.g14960.t2;Pocillopora_acuta_HIv2___TS.g21857.t1"	"Transient receptor potential cation channel subfamily A member 1 (Ankyrin-like with transmembrane domains protein 1) (Transformation-sensitive protein p120) (p120) (Wasabi receptor);Neuronal acetylcholine receptor subunit alpha-10 (Alpha 10 nAChR) (Nicotinic acetylcholine receptor subunit alpha-10) (NACHR alpha-10);Sodium/potassium/calcium exchanger 4 (Na(+)/K(+)/Ca(2+)-exchange protein 4) (Solute carrier family 24 member 4);Polycystin-1-like protein 2 (Polycystin-1L2) (PC1-like 2 protein) (Polycystic kidney disease protein 1-like 2);VWFA and cache domain-containing protein 1 (Cache domain-containing protein 1);Annexin A6 (Annexin VI) (Annexin-6);Voltage-dependent calcium channel type A subunit alpha-1 (Cacophony protein);Cyclic nucleotide-gated channel alpha-3 (CNG channel alpha-3) (CNG-3) (CNG3) (Cone photoreceptor cGMP-gated channel subunit alpha-3);Short transient receptor potential channel 5 (TrpC5) (Capacitative calcium entry channel 2) (CCE2) (Transient receptor protein 5) (TRP-5) (mTRP5) (Trp-related protein 5);Polycystin-2 (Polycystic kidney disease 2 protein homolog);Sperm receptor for egg jelly (suREJ);Polycystin-1-like protein 2 (Polycystin-1L2) (PC1-like 2 protein) (Polycystic kidney disease protein 1-like 2);Transient receptor potential cation channel subfamily A member 1 (Ankyrin-like with transmembrane domains protein 1) (Wasabi receptor);Glutamate receptor ionotropic, kainate 2 (GluK2) (Glutamate receptor 6) (GluR-6) (GluR6);Polycystin-1-like protein 3 (Polycystin-1L3) (PC1-like 3 protein) (Polycystic kidney disease protein 1-like 3)"
"GO:0005267"	"potassium channel activity"	"Enables the energy-independent facilitated diffusion of a potassium ion through a transmembrane aqueous pore or channel."	"17.391% (12/69)"	0.006082223	2.22	"Pocillopora_acuta_HIv2___RNAseq.g13552.t1;Pocillopora_acuta_HIv2___RNAseq.g15097.t1;Pocillopora_acuta_HIv2___RNAseq.g17559.t1;Pocillopora_acuta_HIv2___RNAseq.g17622.t1;Pocillopora_acuta_HIv2___RNAseq.g18617.t1;Pocillopora_acuta_HIv2___RNAseq.g18966.t1;Pocillopora_acuta_HIv2___RNAseq.g29275.t1;Pocillopora_acuta_HIv2___RNAseq.g4469.t1;Pocillopora_acuta_HIv2___RNAseq.g6094.t2;Pocillopora_acuta_HIv2___RNAseq.g701.t1;Pocillopora_acuta_HIv2___TS.g14960.t2;Pocillopora_acuta_HIv2___TS.g26021.t1"	"Voltage-gated potassium channel KCNC1 (NGK2) (Potassium voltage-gated channel subfamily C member 1) (Voltage-gated potassium channel subunit Kv3.1) (Voltage-gated potassium channel subunit Kv4);Potassium voltage-gated channel subfamily A member 10 (Voltage-gated potassium channel subunit Kv1.8);TWiK family of potassium channels protein 7;Methylosome subunit pICln (Chloride channel, nucleotide sensitive 1A) (Chloride conductance regulatory protein ICln) (I(Cln));Putative potassium channel protein YugO;Potassium voltage-gated channel subfamily A member 2 (RAK) (RBK2) (RCK5) (Voltage-gated potassium channel subunit Kv1.2);Potassium voltage-gated channel subfamily A member 2 (KC22) (Voltage-gated potassium channel subunit Kv1.2);Endosomal/lysosomal proton channel TMEM175 (Potassium channel TMEM175) (Transmembrane protein 175);Calcium-activated potassium channel subunit alpha-1 (BK channel) (BKCA alpha) (Calcium-activated potassium channel, subfamily M subunit alpha-1) (K(VCA)alpha) (KCa1.1) (Maxi K channel) (MaxiK) (Slo-alpha) (Slo1) (Slowpoke homolog) (Slo homolog) (hSlo);Polycystin-2 (Polycystic kidney disease 2 protein homolog);Glutamate receptor ionotropic, kainate 2 (GluK2) (Glutamate receptor 6) (GluR-6) (GluR6);Putative potassium channel protein YugO"
